source,key,date_added,en,sv,da,de,es,fr,is,it,no,pl,zh
Source,Description,"Date Added",English,Swedish,Dansk,German,Spanish,French,Icelandic,Italian,Norwegian,Polish,Chinese
,"All Content",,"All My Content","Allt mitt innehåll","Alt indhold",,,,"Allar mínar skrár",,,,
,about,,About,Om,Om,Über,"Acerca de","À propos","Um forritið",Informazioni,Om,"O nas",关于
,access_request_failed,,"⚠️ Could not send access request. Please try again.","⚠️ Kunde inte skicka åtkomstförfrågan. Försök igen.","⚠️ Kunne ikke sende anmodning om adgang. Prøv igen.","⚠️ Zugriffsanfrage konnte nicht gesendet werden. Bitte versuche es erneut.","⚠️ No se pudo enviar la solicitud de acceso. Inténtalo de nuevo.","⚠️ Impossible d’envoyer la demande d’accès. Veuillez réessayer.",,"⚠️ Impossibile inviare la richiesta di accesso. Riprova.","⚠️ Kunne ikke sende tilgangsforespørsel. Prøv igjen.","⚠️ Nie udało się wysłać prośby o dostęp. Spróbuj ponownie.","⚠️ 无法发送访问请求。请重试。"
,add_link,,"Add Link","Lägg till länk","Tilføj link","Link hinzufügen","Añadir enlace","Ajouter un lien","Bæta við slóð","Aggiungi link","Legg til lenke","Dodaj link",添加链接
,add_music,,"Add music","Lägg till musik","Tilføj musik","Musik hinzufügen","Añadir música","Ajouter de la musique","Bæta við tónlist","Aggiungi musica","Legg til musikk","Dodaj muzykę",添加音乐
,add_to_last_used,,"Add to","Lägg till i","Tilføj til","Hinzufügen zu","Añadir a","Ajouter à","Bæta við síðasta...","Aggiungi a","Legg til i","Dodaj do",添加到
,add_to_list,,"Add to list...","Lägg till i lista...","Tilføj til liste...","Zur Liste hinzufügen...","Añadir a la lista...","Ajouter à la liste...","Bæta við lista...","Aggiungi alla lista...","Legg til i liste...","Dodaj do listy...",添加到列表...
,add_to_my_lists,,"Add to my lists","Lägg till i mina listor","Tilføj til mine lister","Zu meinen Listen hinzufügen","Añadir a mis listas","Ajouter à mes listes","Bæta við mína lista","Aggiungi alle mie liste","Legg til i mine lister","Dodaj do moich list",添加到我的列表
,all_content,,"All My Content","Allt mitt innehåll","Alt indhold","Alle Inhalte","Todo el contenido","Tout le contenu","Allar mínar skrár","Tutti i contenuti","Alt innhold","Cała zawartość",全部内容
,annotations_cleared,,"Drawings cleared","Ritningar raderade","Tegninger ryddet","Zeichnungen gelöscht","Dibujos eliminados","Dessins effacés","Teikningar hreinsaðar","Disegni eliminati","Tegninger slettet","Rysunki usunięte",绘图已清除
,annotations_saved,,"Drawing saved","Ritning sparad","Tegning gemt","Zeichnung gespeichert","Dibujo guardado","Dessin enregistré","Teikning vistuð","Disegno salvato","Tegning lagret","Rysunek zapisany",绘图已保存
,attach_file,,"Attach File (PDF, MP3, MIDI)","Bifoga fil (PDF, MP3, MIDI)","Vedhæft fil (PDF, MP3, MIDI)","Datei anhängen (PDF, MP3, MIDI)","Adjuntar archivo (PDF, MP3, MIDI)","Joindre un fichier (PDF, MP3, MIDI)","Hengja við skrá (PDF, MP3, MIDI)","Allega file (PDF, MP3, MIDI)","Legg ved fil (PDF, MP3, MIDI)","Dołącz plik (PDF, MP3, MIDI)","附加文件 (PDF, MP3, MIDI)"
,back_to_dashboard,,"Back to Dashboard","Tillbaka till översikten","Tilbage til oversigt","Zurück zum Dashboard","Volver al panel","Retour au tableau de bord","Til baka á yfirlitssíðu","Torna alla dashboard","Tilbake til oversikt","Powrót do panelu",返回仪表板
,bulk_invite_placeholder,,"Invite members to the list. Write or paste email(s) here (comma or newline separated)...","Bjud in medlemmar till listan. Skriv eller klistra in e-post här (komma- eller radseparerat)...","Inviter medlemmer til listen. Skriv eller indsæt e-mails her (kommasepareret eller linjeskift)...","Lade Mitglieder zur Liste ein. Schreibe oder füge E-Mails hier ein (durch Kommas oder Zeilenumbrüche getrennt)...","Invita miembros a la lista. Escribe o pega correos aquí (separados por comas o saltos de línea)...","Invitez des membres à la liste. Écrivez ou collez des emails ici (séparés par des virgules ou des retours à la ligne)...","Bjóddu meðlimum í listann og spjallið. Skráðu eða límdu netföng hér (aðskilin með kommum eða línuskilum)...","Invita membri alla lista. Scrivi o incolla email qui (separate da virgole o da nuove righe)...","Inviter medlemmer til listen. Skriv eller lim inn e-post(er) her (kommaseparert eller linjeskift)...","Zaproś członków do listy. Wpisz lub wklej e-maile (oddzielone przecinkami lub nowymi liniami)...",邀请成员加入列表。在此处输入或粘贴电子邮件（用逗号或换行分隔）...
,cancel,,Cancel,Avbryt,Annuller,Abbrechen,Cancelar,Annuler,"Hætta við",Annulla,Avbryt,Anuluj,取消
,close,,Close,Stäng,Luk,Schließen,Cerrar,Fermer,Loka,Chiudi,Lukk,Zamknij,关闭
,collaborate_placeholder,,"I'd like to collaborate...","Jag vill samarbeta...","Jeg vil gerne samarbejde...","Ich würde gern zusammenarbeiten...","Me gustaría colaborar...","J’aimerais collaborer...","Mig langar að vinna með þér...","Mi piacerebbe collaborare...","Jeg ønsker å samarbeide...","Chciałbym współpracować...",我想合作...
,confirm_delete_list,,"🗑️ Delete this list?","🗑️ Ta bort denna lista?","🗑️ Slet denne liste?","🗑️ Diese Liste löschen?","🗑️ ¿Eliminar esta lista?","🗑️ Supprimer cette liste ?","🗑Viltu eyða þessum lista?","🗑️ Eliminare questa lista?","🗑️ Slette denne listen?","🗑️ Usunąć tę listę?","🗑️ 删除此列表？"
,confirm_delete_text,,"🗑️ Delete this text?","🗑️ Ta bort denna text?","🗑️ Slet denne tekst?","🗑️ Diesen Text löschen?","🗑️ ¿Eliminar este texto?","🗑️ Supprimer ce texte ?","🗑️Viltu eyða þessum textm?","🗑️ Eliminare questo testo?","🗑️ Slette denne teksten?","🗑️ Usunąć ten tekst?","🗑️ 删除此文本？"
,create_new_item,,"Create new item","Skapa nytt objekt","Opret nyt element","Neues Element erstellen","Crear elemento nuevo","Créer un nouvel élément","Stofna nýja skrá","Crea nuovo elemento","Opprett nytt element","Utwórz nowy element",新建项目
,create_new_list,,"Create new list","Skapa ny lista","Opret ny liste","Neue Liste erstellen","Crear lista nueva","Créer une nouvelle liste","Stofna nýjan lista","Crea nuova lista","Opprett ny liste","Utwórz nową listę",新建列表
,current_plan,,"Current Plan","Nuvarande plan","Nuværende abonnement","Aktueller Plan","Plan actual","Forfait actuel","Núverandi áskrift","Piano attuale","Nåværende plan","Aktualny plan",当前方案
,delete,,Delete,"Ta bort",Slet,Löschen,Eliminar,Supprimer,Eyða,Elimina,Slett,Usuń,删除
,delete_list,,"Delete list","Ta bort lista","Slet liste","Liste löschen","Eliminar lista","Supprimer la liste","Eyða lista","Elimina lista","Slett liste","Usuń listę",删除列表
,drop_music_here,,"Drop your music here","Släpp din musik här","Slip din musik her","Ziehe deine Musik hierher","Suelta tu música aquí","Déposez votre musique ici","Slepptu tónlistinni hér","Rilascia qui la tua musica","Slipp musikken din her","Upuść swoją muzykę tutaj",将你的音乐拖到这里
,drop_or_choose,,"Drop a PDF anywhere on this page<br>or choose an option below:","Släpp en PDF var som helst på sidan
eller välj ett alternativ nedan:","Slip en PDF hvor som helst på siden<br>eller vælg en mulighed nedenfor:","Lege ein PDF irgendwo auf dieser Seite ab<br>oder wähle eine Option unten:","Suelta un PDF en cualquier parte de esta página<br>o elige una opción abajo","Déposez un PDF n’importe où sur cette page<br>ou choisissez une option ci-dessous :","Slepptu PDF skrá hvar sem er á síðunni<br>eða veldu aðra leið:","Rilascia un PDF in qualsiasi punto di questa pagina<br>oppure scegli un'opzione qui sotto:","Slipp en PDF hvor som helst<br>eller velg et alternativ nedenfor:","Upuść PDF w dowolnym miejscu tej strony<br>lub wybierz opcję poniżej:","在此页面任意位置放置 PDF<br>或选择下面的选项："
,drop_pdf_here,,"📄 Drop PDF, MusicXML, audio, or MIDI here!","📄 Släpp PDF här!","📄 Slip PDF her!","📄 PDF hier ablegen!","📄 ¡Suelta el PDF aquí!","📄 Déposez le PDF ici !","📄 Slepptu PDF skjali hér!","📄 Rilascia il PDF qui!","📄 Slipp PDF her!","📄 Upuść PDF tutaj!","📄 将 PDF 拖到这里！"
,edit,,Edit,Redigera,Rediger,Bearbeiten,Editar,Modifier,Breyta,Modifica,Rediger,Edytuj,编辑
,edit_message_prompt,,"Edit message:","Redigera meddelande:","Rediger besked:","Nachricht bearbeiten:","Editar mensaje","Modifier le message :",,"Modifica messaggio:","Rediger melding:","Edytuj wiadomość:",编辑消息：
,edit_mode,,"Edit mode",Redigeringsläge,Redigeringstilstand,Bearbeitungsmodus,"Modo de edición","Mode édition",Breytingahamur,"Modalità modifica",Redigeringsmodus,"Tryb edycji",编辑模式
,end,,End,Slut,Slut,Ende,Final,Fin,Endir,Fine,Slutt,Koniec,结束
,email,,Email:,E-post:,E-mail:,E-Mail:,Correo,"Email :",Netfang:,Email:,E-post:,E-mail:,电子邮件:
,emoji_by_users,,"${emoji} by: ${users}","${emoji} av: ${users}","${emoji} af: ${users}","${emoji} von: ${users}","${emoji} por ${users}","${emoji} par : ${users}",,"${emoji} di: ${users}","${emoji} av: ${users}","${emoji} przez: ${users}","${emoji} 由：${users}"
,enable_notifications,,"Enable notifications","Aktivera aviseringar","Aktiver underretninger","Benachrichtigungen aktivieren","Activar notificaciones","Activer les notifications","Virkja tilkynningar","Abilita notifiche","Aktiver varsler","Włącz powiadomienia",启用通知
,encryption_error,,"❌ Encryption error. Message not sent.","❌ Krypteringsfel. Meddelandet skickades inte.","❌ Krypteringsfejl. Besked blev ikke sendt.","❌ Verschlüsselungsfehler. Nachricht nicht gesendet.","❌ Error de cifrado. Mensaje no enviado.","❌ Erreur de chiffrement. Message non envoyé.",,"❌ Errore di cifratura. Messaggio non inviato.","❌ Krypteringsfeil. Meldingen ble ikke sendt.","❌ Błąd szyfrowania. Wiadomość nie została wysłana.","❌ 加密错误。消息未发送。"
,extract_text_prompt,,"📝 This item is empty. Extract text from the PDF?","📝 Detta objekt är tomt. Extrahera text från PDF?","📝 Dette element er tomt. Uddrag tekst fra PDF?","📝 Dieses Element ist leer. Text aus dem PDF extrahieren?","📝 Este elemento está vacío. ¿Extraer texto del PDF?","📝 Cet élément est vide. Extraire le texte du PDF ?","📝 Þessi sksrá er tóm. Viltu sækja texta úr PDF skjalinu?","📝 Questo elemento è vuoto. Estrarre il testo dal PDF?","📝 Dette elementet er tomt. Hente tekst fra PDF?","📝 Ten element jest pusty. Wyodrębnić tekst z PDF?","📝 此项目为空。从 PDF 提取文本？"
,failed_to_update_message,,"❌ Failed to update message","❌ Misslyckades med att uppdatera meddelande","❌ Kunne ikke opdatere besked","❌ Nachricht konnte nicht aktualisiert werden","❌ No se pudo actualizar el mensaje","❌ Impossible de mettre à jour le message",,"❌ Impossibile aggiornare il messaggio","❌ Klarte ikke oppdatere melding","❌ Nie udało się zaktualizować wiadomości","❌ 无法更新消息"
,features,,Features,Funktioner,Funktioner,Funktionen,Funciones,Fonctionnalités,Eiginleikar,Funzionalità,Funksjoner,Funkcje,功能
,file_too_large,,"🚫 File too large","🚫 Filen är för stor","🚫 Filen er for stor","🚫 Datei zu groß","🚫 Archivo demasiado grande","🚫 Fichier trop volumineux","🚫 Skráin er of stór","🚫 File troppo grande","🚫 Filen er for stor","🚫 Plik za duży","🚫 文件过大"
,followed_lists,,"Followed lists","Följda listor","Fulgte lister","Gefolgte Listen","Listas seguidas","Listes suivies","Fylgjandi listar","Liste seguite","Fulgte lister","Obserwowane listy",已关注的列表
,friends,,Friends,Vänner,Venner,Freunde,Amigos,Amis,Vinir,Amici,Venner,Znajomi,朋友
,general_chat,2026-03-05,"General chat","Allmän chatt","Generel chat","Allgemeiner Chat","Chat general","Chat général","Almennt spjall","Chat generale","Generell chat","Czat ogólny",通用聊天
,home,,Home,Hem,Hjem,Startseite,Inicio,Accueil,Heim,Home,Hjem,"Strona główna",主页
,home_to,,"Home to:","Hem till:","Hjem til:","Startseite von:","Inicio de","Accueil de :","Heim til:","Home di:","Hjem til:","Strona główna dla:",主页：
,install_app,,"Install App","Installera app","Installer app","App installieren","Instalar aplicación","Installer l’application","Setja upp forrit","Installa app","Installer app","Zainstaluj aplikację",安装应用
,invalid_file_type,,"❌ Invalid file type. Only PDF, MIDI and common audio files are allowed.","❌ Ogiltig filtyp. Endast PDF, MIDI och vanliga ljudfiler är tillåtna.","❌ Ugyldig filtype. Kun PDF, MIDI og almindelige lydfiler er tilladt.","❌ Ungültiger Dateityp. Nur PDF, MIDI und gängige Audio-Dateien sind erlaubt.","❌ Tipo de archivo no válido. Solo se permiten PDF, MIDI y archivos de audio comunes.","❌ Type de fichier invalide. Seuls PDF, MIDI et fichiers audio courants sont autorisés.","❌ Ógild skráartegund. Aðeins PDF, MIDI og algengar hljóðskrár eru leyfðar.","❌ Tipo di file non valido. Sono consentiti solo PDF, MIDI e file audio comuni.","❌ Ugyldig filtype. Kun PDF, MIDI og vanlige lydfiler er tillatt.","❌ Nieprawidłowy typ pliku. Dozwolone PDF, MIDI i popularne pliki audio.","❌ 文件类型无效。仅允许 PDF、MIDI 和常见音频文件。"
,invite_user_to_list,,"Invite User to List","Bjud in användare till lista","Inviter bruger til liste","Benutzer zur Liste einladen","Invitar usuario a la lista","Inviter un utilisateur à la liste","Bjóða notanda í skrá","Invita utente alla lista","Inviter bruker til liste","Zaproś użytkownika do listy",邀请用户到列表
,invited_lists,,"Invited lists","Inbjudna listor","Inviterede lister","Eingeladene Listen","Listas invitadas","Listes invitées",Boðslistar,"Liste invitate","Inviterte lister","Zaproszone listy",受邀列表
,jump_to,,Jump to,Hoppa till,Hop til,Springe zu,Saltar a,Sauter à,Stökkva á,Salta a,Hopp til,Skocz do,跳转到
,language,,Language,Språk,Sprog,Sprache,Idioma,Langue,Tungumál,Lingua,Språk,Język,语言
,link_copied,,"🔗 Link copied","🔗 Länk kopierad","🔗 Link kopieret","🔗 Link kopiert","🔗 Enlace copiado","🔗 Lien copié","🔗 Hlekkur afritaður","🔗 Link copiato","🔗 Lenke kopiert","🔗 Skopiowano link","🔗 链接已复制"
,list_chat,,"List chat",Listchatt,Listechat,Listen-Chat,"Chat de la lista","Chat de liste",Listaspjall,"Chat della lista",Listechat,"Czat listy",列表聊天
,my_groups,2026-03-05,"My groups","Mina grupper","Mine grupper","Meine Gruppen","Mis grupos","Mes groupes","Mínir hópar","I miei gruppi","Mine grupper","Moje grupy",我的群组
,list_empty,,(empty),(tom),(tom),(leer),(vacío),(vide),,(vuoto),(tom),(pusty),(空)
,list_owned_by_other,,"This list is owned by another user. You can request access below.","Denna lista ägs av en annan användare. Du kan begära åtkomst nedan.","Denne liste ejes af en anden bruger. Du kan anmode om adgang nedenfor.","Diese Liste gehört einem anderen Benutzer. Du kannst unten Zugriff anfordern.","Esta lista pertenece a otro usuario. Puedes solicitar acceso abajo.","Cette liste appartient à un autre utilisateur. Vous pouvez demander l’accès ci-dessous.","Þessi listi er í eigu annars notanda. Þú getur beðið um aðgang hér að neðan.","Questa lista è di un altro utente. Puoi richiedere l'accesso qui sotto.","Denne listen eies av en annen bruker. Du kan be om tilgang nedenfor.","Ta lista należy do innego użytkownika. Możesz poprosić o dostęp poniżej.",此列表由其他用户拥有。你可以在下方请求访问。
,lists,,Lists,Listor,Lister,Listen,Listas,Listes,Listar,Liste,Lister,Listy,列表
,lists_by,,"Lists by","Listor av","Lister af","Listen von","Listas por","Listes par",Listar,"Liste di","Lister av","Listy według",列表作者
,loading,,Loading...,Laddar...,Indlæser...,Laden...,Cargando...,Chargement...,Hleð...,Caricamento...,Laster...,Ładowanie...,加载中...
,loading_chat,,"Loading chat...","Laddar chatt...","Indlæser chat...","Chat wird geladen...","Cargando chat...","Chargement du chat...","Hleð spjalli...","Caricamento chat...","Laster chat...","Ładowanie czatu...",正在加载聊天...
,loading_lists,,"Loading lists...","Laddar listor...","Indlæser lister...","Listen werden geladen...","Cargando listas...","Chargement des listes...","Hleð listum...","Caricamento liste...","Laster lister...","Ładowanie list...",正在加载列表...
,loading_members,,"Loading members...","Laddar medlemmar...","Indlæser medlemmer...","Mitglieder werden geladen...","Cargando miembros...","Chargement des membres...","Hleð meðlimum...","Caricamento membri...","Laster medlemmer...","Ładowanie członków...",正在加载成员...
,loading_pdf,,"Loading PDF...","Laddar PDF...","Indlæser PDF...","PDF wird geladen...","Cargando PDF...","Chargement du PDF...","Hleð PDF skrá...","Caricamento PDF...","Laster PDF...","Ładowanie PDF...","正在加载 PDF..."
,loading_users,,"Loading users...","Laddar användare...","Indlæser brugere...","Benutzer werden geladen...","Cargando usuarios...","Chargement des utilisateurs...","Hleð notendum...","Caricamento utenti...","Laster brukere...","Ładowanie użytkowników...",正在加载用户...
,login,,Login,"Logga in","Log ind",Anmelden,"Iniciar sesión",Connexion,Innskrá,Accedi,"Logg inn",Zaloguj,登录
,login_required,,"Login required","Inloggning krävs","Login påkrævet","Anmeldung erforderlich","Se requiere iniciar sesión","Connexion requise","Innskráningar krafist","Accesso richiesto","Innlogging kreves","Wymagane logowanie",需要登录
,logout,,Logout,"Logga ut","Log ud",Abmelden,"Cerrar sesión",Déconnexion,Útskrá,Esci,"Logg ut",Wyloguj,退出登录
,make_offline,,"Make available offline","Gör tillgänglig offline","Gør tilgængelig offline","Für Offline-Verwendung verfügbar machen","Hacer disponible sin conexión","Rendre disponible hors ligne","Nota netlaust","Rendi disponibile offline","Gjør tilgjengelig offline","Ustaw dostęp offline",设为可离线
,manage_list_access,,"Manage List Access","Hantera liståtkomst","Administrer listeadgang","Listen-Zugriff verwalten","Gestionar acceso a la lista","Gérer l’accès à la liste","Stjórna aðgangi að lista","Gestisci accesso alla lista","Administrer listeadgang","Zarządzaj dostępem do listy",管理列表访问
,manage_members,,"Manage Members","Hantera medlemmar","Administrer medlemmer","Mitglieder verwalten","Gestionar miembros","Gérer les membres","Stjórna aðgangi","Gestisci membri","Administrer medlemmer","Zarządzaj członkami",管理成员
,manage_subscription,,"Manage Subscription","Hantera prenumeration","Administrer abonnement","Abonnement verwalten","Administrar suscripción","Gérer l’abonnement","Stjórna áskrift","Gestisci abbonamento","Administrer abonnement","Zarządzaj subskrypcją",管理订阅
,members,,Members,Medlemmar,Medlemmer,Mitglieder,Miembros,Membres,Meðlimir,Membri,Medlemmer,Członkowie,成员
,message_optional,,"Message (optional):","Meddelande (valfritt):","Besked (valgfrit):","Nachricht (optional):","Mensaje (opcional)","Message (optionnel) :","Skilaboð (valfrjálst):","Messaggio (opzionale):","Melding (valgfritt):","Wiadomość (opcjonalnie):",消息（可选）:
,missing_item_metadata,,"Missing item metadata.","Saknad metadata för objekt.","Manglende metadata for element.","Element-Metadaten fehlen.","Faltan metadatos del elemento.","Métadonnées manquantes pour l’élément.","Vantar meta-gögn fyrir skrá","Metadati dell'elemento mancanti.","Manglende metadata for element.","Brak metadanych elementu.",缺少项目元数据。
,my_profile,,"My Profile","Min profil","Min profil","Mein Profil","Mi perfil","Mon profil","Mínar stillingar","Il mio profilo","Min profil","Mój profil",我的个人资料
,my_settings,,"My Settings","Mina inställningar","Mine indstillinger","Meine Einstellungen","Mis ajustes","Mes paramètres","Mínar stillingar","Le mie impostazioni","Mine innstillinger","Moje ustawienia",我的设置
,new_item_placeholder,,"New item...","Nytt objekt...","Nyt element...","Neues Element...","Elemento nuevo...","Nouvel élément...","Ný skrá...","Nuovo elemento...","Nytt element...","Nowy element...",新项目...
,new_list,,"New list...","Ny lista...","Ny liste...","Neue Liste...","Lista nueva...","Nouvelle liste...","Nýr listi...","Nuova lista...","Ny liste...","Nowa lista...",新列表...
,next_billing_date,,"Next billing date","Nästa faktureringsdatum","Næste faktureringsdato","Nächstes Abrechnungsdatum","Próxima fecha de cobro","Prochaine date de facturation","Næsti gjalddagi","Prossima data di fatturazione","Neste fakturadato","Następna data rozliczenia",下次账单日期
,no,,No,Nej,Nej,Nein,No,Non,Nei,No,Nei,Nie,否
,no_list_token,,"No list token provided.","Ingen listtoken angiven.","Ingen listetoken angivet.","Kein Listen-Token angegeben.","No se proporcionó token de lista.","Aucun jeton de liste fourni.",,"Nessun token della lista fornito.","Ingen listetoken oppgitt.","Nie podano tokena listy.",未提供列表令牌。
,no_pdf_found,,"No PDF found.","Ingen PDF hittades.","Ingen PDF fundet.","Kein PDF gefunden.","No se encontró PDF.","Aucun PDF trouvé.","Engin PDF skrá fannst","Nessun PDF trovato.","Ingen PDF funnet.","Nie znaleziono PDF.","未找到 PDF。"
,no_such_user_or_list,,"No such user or list","Ingen sådan användare eller lista","Ingen sådan bruger eller liste","Kein solcher Benutzer oder Liste","No existe ese usuario o lista","Aucun utilisateur ou liste trouvé",,"Nessun utente o lista trovati","Ingen slik bruker eller liste","Nie ma takiego użytkownika ani listy",没有该用户或列表
,no_text_found_pdf,,"🎼 This PDF appears to be musical notation — no readable text extracted.","🎼 Denna PDF verkar vara noter — ingen läsbar text extraherad.","🎼 Denne PDF ser ud til at være nodeskrift — ingen læsbar tekst fundet.","🎼 Dieses PDF scheint Notenschrift zu sein — kein lesbarer Text extrahiert.","🎼 Este PDF parece ser notación musical - no se extrajo texto legible.","🎼 Ce PDF semble être une partition musicale — aucun texte lisible trouvé.","🎼 Þetta PDF skjal virðist innihalda nótnaskrift — enginn texti fannst.","🎼 Questo PDF sembra essere notazione musicale — nessun testo leggibile estratto.","🎼 Denne PDF-en ser ut til å være noter — ingen lesbar tekst funnet.","🎼 Ten PDF wygląda na zapis nutowy — brak czytelnego tekstu.","🎼 此 PDF 似乎是乐谱 — 未提取到可读文本。"
,notifications,,Notifications,Aviseringar,Underretninger,Benachrichtigungen,Notificaciones,Notifications,Tilkynningar,Notifiche,Varsler,Powiadomienia,通知
,offline_access,,"Offline access",Offlineåtkomst,Offlineadgang,Offline-Zugriff,"Acceso sin conexión","Accès hors ligne","Netlaus aðgangur","Accesso offline","Tilgang uten nett","Dostęp offline",离线访问
,offline_removed,,"Cache removed","Cache borttagen","Cache fjernet","Cache entfernt","Caché eliminado","Cache supprimé",,"Cache rimossa","Mellomlager fjernet","Pamięć podręczna usunięta",缓存已移除
,offline_unavailable,,"Not available offline","Inte tillgänglig offline","Ikke tilgængelig offline","Offline nicht verfügbar","No disponible sin conexión","Indisponible hors ligne","Ekki mögulegt netlaust","Non disponibile offline","Ikke tilgjengelig offline","Niedostępne offline",离线不可用
,open_billing_portal,,"Open Stripe Billing Portal","Öppna Stripe faktureringsportal","Åbn Stripe betalingsportal","Stripe-Abrechnungsportal öffnen","Abrir portal de facturación de Stripe","Ouvrir le portail Stripe","Opna Stripe greiðsluviðmót","Apri il portale di fatturazione Stripe","Åpne Stripe betalingsportal","Otwórz portal rozliczeń Stripe","打开 Stripe 结算门户"
,or,,or,eller,eller,oder,o,ou,eða,o,eller,lub,或
,owner_not_found_pdf,,"Owner not found for PDF fetch","Ägare hittades inte för PDF","Ejer ikke fundet for PDF-hentning","Eigentümer für PDF-Abruf nicht gefunden","No se encontró propietario para obtener el PDF","Propriétaire introuvable pour récupérer le PDF","Eigandi fannst ekki fyrir PDF niðurhal","Proprietario non trovato per recuperare il PDF","Eier ikke funnet for PDF","Nie znaleziono właściciela PDF","未找到用于获取 PDF 的所有者"
,paste_music_url,,"or paste any audio, MIDI, Spotify or Soundslice URL...","eller klistra in en ljud-, MIDI-, Spotify- eller Soundslice-URL...","eller indsæt en lyd-, MIDI-, Spotify- eller Soundslice-URL...","oder eine beliebige Audio-, MIDI-, Spotify- oder Soundslice-URL einfügen...","o pega cualquier URL de audio, MIDI, Spotify o Soundslice...","ou collez n’importe quelle URL audio, MIDI, Spotify ou Soundslice...","eða límdu slóð á hljóð, MIDI, Spotify eða Soundslice...","oppure incolla un URL audio, MIDI, Spotify o Soundslice...","eller lim inn en lyd-, MIDI-, Spotify- eller Soundslice-URL...","lub wklej dowolny adres URL audio, MIDI, Spotify lub Soundslice...","或粘贴任意音频、MIDI、Spotify 或 Soundslice 的 URL..."
,paste_pdf_url,,"Paste direct PDF URL","Klistra in direkt PDF-URL","Indsæt direkte PDF-URL","Direkte PDF-URL einfügen","Pegar URL directa del PDF","Coller l’URL directe du PDF","Líma inn beina slóð á PDF","Incolla URL diretto del PDF","Lim inn direkte PDF-URL","Wklej bezpośredni adres URL PDF","粘贴 PDF 直接链接"
,pdf_upload_failed_url,,"❌ Could not upload the PDF from this URL.","❌ Kunde inte ladda upp PDF från denna URL.","❌ Kunne ikke uploade PDF fra denne URL.","❌ PDF konnte von dieser URL nicht hochgeladen werden.","❌ No se pudo subir el PDF desde esta URL.","❌ Échec du téléversement du PDF depuis cette URL.","❌ Ekki tókst að hlaða upp PDF skskjali frá þessari slóð.","❌ Impossibile caricare il PDF da questo URL.","❌ Kunne ikke laste opp PDF fra denne URL-en.","❌ Nie udało się przesłać PDF z tego URL.","❌ 无法从该 URL 上传 PDF。"
,plan,,Plan,Plan,Abonnement,Plan,Plan,Forfait,Áskrift,Piano,Plan,Plan,方案
,play_sound,,"Play sound for alerts","Spela ljud för aviseringar","Afspil lyd ved alarmer","Warnton für Hinweise abspielen","Reproducir sonido para alertas","Jouer un son pour les alertes","Spila hljóð við viðvaranir","Riproduci suono per gli avvisi","Spill lyd for varsler","Odtwarzaj dźwięk dla alertów",播放警报声音
,preferences,,Preferences,Inställningar,Præferencer,Voreinstellungen,Preferencias,Préférences,Valkostir,Preferenze,Preferanser,Preferencje,偏好设置
,price,,Price,Pris,Pris,Preis,Precio,Prix,Verð,Prezzo,Pris,Cena,价格
,pricing,,Pricing,Prissättning,Priser,Preise,Precios,Tarifs,Verð,Prezzi,Priser,Cennik,价格
,privacy_private,,Private,Privat,Privat,Privat,Privada,Privée,Læstur,Privata,Privat,Prywatna,私密
,privacy_public,,Public,Offentlig,Offentlig,Öffentlich,Pública,Publique,Opinn,Pubblica,Offentlig,Publiczna,公开
,privacy_secret,,Hidden,Döljd,Skjult,Verborgen,Oculta,Cachée,Falinn,Nascosta,Skjult,Ukryta,隐藏
,privacy_unknown,,Unknown,Okänd,Ukendt,Unbekannt,Desconocida,Inconnue,Óþekkt,Sconosciuta,Ukjent,Nieznana,未知
,reload_pdf,,"Reload PDF & drawings","Ladda om PDF och ritningar","Genindlæs PDF & tegninger","PDF & Zeichnungen neu laden","Recargar PDF y dibujos","Recharger PDF & dessins","Endurhlaða PDF & teikningar","Ricarica PDF e disegni","Last inn PDF og tegninger på nytt","Przeładuj PDF i rysunki","重新加载 PDF 和绘图"
,remove_emoji_prompt,,"Remove your ${emoji}?","Ta bort din ${emoji}?","Fjern din ${emoji}?","Deinen ${emoji} entfernen?","¿Quitar tu ${emoji}?","Retirer votre ${emoji} ?",,"Rimuovere il tuo ${emoji}?","Fjern din ${emoji}?","Usunąć swój ${emoji}?","移除你的 ${emoji}？"
,remove_from_list,,"Remove from list","Ta bort från lista","Fjern fra liste","Aus Liste entfernen","Quitar de la lista","Retirer de la liste","Fjarlægja úr lista","Rimuovi dalla lista","Fjern fra liste","Usuń z listy",从列表中移除
,remove_from_my_lists,,"Remove from my lists","Ta bort från mina listor","Fjern fra mine lister","Aus meinen Listen entfernen","Quitar de mis listas","Retirer de mes listes","Fjarlægja úr mínum listum","Rimuovi dalle mie liste","Fjern fra mine lister","Usuń z moich list",从我的列表中移除
,remove_item,,"Remove item from list","Ta bort objekt från lista","Fjern element fra liste","Element von der Liste entfernen","Quitar elemento de la lista","Retirer l’élément de la liste","Fjarlægja skrá af lista","Rimuovi elemento dalla lista","Fjern element fra liste","Usuń element z listy",从列表中移除项目
,remove_offline,,"Remove from offline","Ta bort från offline","Fjern fra offline","Aus Offline entfernen","Quitar del modo sin conexión","Retirer du mode hors ligne","Fjarlægja úr netlausu","Rimuovi dall'offline","Fjern fra offline","Usuń z trybu offline",从离线中移除
,rename_list,,"Rename list","Byt namn på lista","Omdøb liste","Liste umbenennen","Renombrar lista","Renommer la liste","Endurnefna lista","Rinomina lista","Gi nytt navn til liste","Zmień nazwę listy",重命名列表
,replace_existing_pdf,,"⚠️ Replace existing PDF?","⚠️ Ersätt befintlig PDF?","⚠️ Erstat eksisterende PDF?","⚠️ Vorhandenes PDF ersetzen?","⚠️ ¿Reemplazar el PDF existente?","⚠️ Remplacer le PDF existant ?","⚠️ Viltu skipta út núverandi PDF skrá?","⚠️ Sostituire il PDF esistente?","⚠️ Erstatt eksisterende PDF?","⚠️ Zastąpić istniejący PDF?","⚠️ 替换现有的 PDF？"
,request_access_to_list,,"Request Access to List","Begär åtkomst till lista","Anmod om adgang til liste","Zugriff auf Liste anfordern","Solicitar acceso a la lista","Demander l’accès à la liste","Biðja um aðgang að lista","Richiedi accesso alla lista","Be om tilgang til liste","Poproś o dostęp do listy",请求访问列表
,reset_cache,,"Reload App","Ladda om app","Genindlæs app","App neu laden","Recargar la aplicación","Recharger l’application","Endurhlaða forriti","Ricarica l'app","Last appen på nytt","Przeładuj aplikację",重新加载应用
,role,,Role:,Roll:,Rolle:,Rolle:,Rol,"Rôle :",Hlutverk:,Ruolo:,Rolle:,Rola:,角色:
,save,,Save,Spara,Gem,Speichern,Guardar,Enregistrer,Vista,Salva,Lagre,Zapisz,保存
,search,,Search...,Sök...,Søg...,Suchen...,Buscar...,Rechercher...,Leita...,Cerca...,Søk...,Szukaj...,搜索...
,search_imslp,,"Search IMSLP","Sök IMSLP","Søg i IMSLP","In IMSLP suchen","Buscar en IMSLP","Chercher sur IMSLP","Leita á IMSLP","Cerca su IMSLP","Søk i IMSLP","Szukaj w IMSLP","搜索 IMSLP"
,select_file_to_upload,,"select a file to upload","välj en fil att ladda upp","vælg en fil til upload","Datei zum Hochladen auswählen","selecciona un archivo para subir","sélectionnez un fichier à téléverser","veldu skrá til að hlaða upp","seleziona un file da caricare","velg en fil å laste opp","wybierz plik do przesłania",选择要上传的文件
,select_item,,"Select item","Välj objekt","Vælg element","Element auswählen","Seleccionar elemento","Sélectionner un élément","Veldu skrá","Seleziona elemento","Velg element","Wybierz element",选择项目
,select_item_first,,"Please select an item first.","Vänligen välj ett objekt först.","Vælg venligst et element først.","Bitte wähle zuerst ein Element aus.","Primero selecciona un elemento.","Veuillez d’abord sélectionner un élément.","Veldu fyrst atriði","Seleziona prima un elemento.","Velg et element først.","Najpierw wybierz element.",请先选择一个项目。
,select_pdf,,"Select PDF","Välj PDF","Vælg PDF","PDF auswählen","Seleccionar PDF","Sélectionner un PDF","Velja PDF","Seleziona PDF","Velg PDF","Wybierz PDF","选择 PDF"
,send_invite,,"Send Invite","Skicka inbjudan","Send invitation","Einladung senden","Enviar invitación","Envoyer une invitation","Senda boð","Invia invito","Send invitasjon","Wyślij zaproszenie",发送邀请
,set_list_privacy,,"Set list privacy","Ställ in listans integritet","Indstil liste-privatliv","Privatsphäre der Liste festlegen","Establecer privacidad de la lista","Définir la confidentialité de la liste","Stilla aðgang að lista","Imposta privacy della lista","Sett listepersonvern","Ustaw prywatność listy",设置列表隐私
,settings,,Settings,Inställningar,Indstillinger,Einstellungen,Ajustes,Paramètres,Stillingar,Impostazioni,Innstillinger,Ustawienia,设置
,share_item,,"Share this item","Dela detta objekt","Del dette element","Diesen Eintrag teilen","Compartir este elemento","Partager cet élément","Deila skrá","Condividi questo elemento","Del dette elementet","Udostępnij element",分享此项目
,share_list,,"Share list","Dela lista","Del liste","Liste teilen","Compartir lista","Partager la liste","Deila lista","Condividi lista","Del liste","Udostępnij listę",分享列表
,storage,,Storage,Lagring,Lager,Speicher,Almacenamiento,Stockage,Gagnavistun,Archiviazione,Lagring,Pamięć,存储
,stories,,Stories,Berättelser,Historier,Geschichten,Historias,Histoires,Sögur,Storie,Historier,Historie,故事
,submit_request,,"Submit Request","Skicka förfrågan","Send anmodning","Anfrage senden","Enviar solicitud","Envoyer la demande","Senda beiðni","Invia richiesta","Send forespørsel","Wyślij prośbę",提交请求
,text_deleted,,"Text deleted","Text borttagen","Tekst slettet","Text gelöscht","Texto eliminado","Texte supprimé","Texta eytt","Testo eliminato","Tekst slettet","Tekst usunięty",文本已删除
,text_extracted,,"📄 Text extracted from PDF!","📄 Text extraherad från PDF!","📄 Tekst udtrukket fra PDF!","📄 Text aus PDF extrahiert!","📄 ¡Texto extraído del PDF!","📄 Texte extrait du PDF !","📄 Texti dreginn úr PDF skjali!","📄 Testo estratto dal PDF!","📄 Tekst hentet fra PDF!","📄 Tekst wyodrębniony z PDF!","📄 已从 PDF 提取文本！"
,text_saved,,"Text saved","Text sparad","Tekst gemt","Text gespeichert","Texto guardado","Texte enregistré","Texti vistaður","Testo salvato","Tekst lagret","Tekst zapisany",文本已保存
,timezone,,Timezone,Tidszon,Tidszone,Zeitzone,"Zona horaria","Fuseau horaire",Tímabelti,"Fuso orario",Tidssone,"Strefa czasowa",时区
,two_columns,,"Two columns","Två kolumner","To kolonner","Zwei Spalten","Dos columnas","Deux colonnes","Tveir dálkar","Due colonne","To kolonner","Dwie kolumny",双栏
,unread_chats,,"Unread Chats","Olästa chattar","Ulæste chats","Ungelesene Chats","Chats sin leer","Chats non lus","Ólesið spjall","Chat non lette","Uleste chatter","Nieprzeczytane czaty",未读聊天
,unsupported_file_type,,"❌ Unsupported file type.","❌ Filtypen stöds inte.","❌ Ikke-understøttet filtype.","❌ Nicht unterstützter Dateityp.","❌ Tipo de archivo no compatible.","❌ Type de fichier non pris en charge.","❌ Óstudd tegund skrár.","❌ Tipo di file non supportato.","❌ Filtypen støttes ikke.","❌ Nieobsługiwany typ pliku.","❌ 不支持的文件类型。"
,upload_from_device,,"Upload from your device","Ladda upp från din enhet","Upload fra din enhed","Vom Gerät hochladen","Subir desde tu dispositivo","Téléverser depuis votre appareil","Hlaða upp úr tækinu þínu","Carica dal dispositivo","Last opp fra enhet","Prześlij z urządzenia",从你的设备上传
,upload_from_url,,"Upload from URL","Ladda upp från URL","Upload fra URL","Von URL hochladen","Subir desde URL","Téléverser depuis une URL","Hlaða upp frá slóð","Carica da URL","Last opp fra URL","Prześlij z URL","从 URL 上传"
,user_id,,"User ID",Användar-ID,Bruger-ID,Benutzer-ID,"ID de usuario","ID utilisateur",Notandaauðkenni,"ID utente",Bruker-ID,"ID użytkownika",用户ID
,users,,Users,Användare,Brugere,Benutzer,Usuarios,Utilisateurs,Notendur,Utenti,Brukere,Użytkownicy,用户
,version,,Version,Version,Version,Version,Versión,Version,Útgáfa,Versione,Versjon,Wersja,版本
,yes,,Yes,Ja,Ja,Ja,Sí,Oui,Já,Sì,Ja,Tak,是
,zoom_text,,"Zoom text","Zooma text","Zoom tekst","Text zoomen","Ampliar texto","Zoom sur le texte","Þysja texta","Zoom testo","Zoom tekst","Powiększ tekst",缩放文字
,zoom_env,,"Zoom environment","Zooma miljö",Zoom-miljø,Zoom-Umgebung,"Entorno de Zoom","Environnement Zoom",Zoom-umhverfi,"Ambiente Zoom",Zoom-miljø,"Środowisko Zoom",Zoom环境
getFriendsLists.php,must_login,,"You must be logged in to view friends.","Du måste vara inloggad för att se vänner.","Du skal være logget ind for at se venner.","Du musst eingeloggt sein, um Freunde zu sehen.","Debes iniciar sesión para ver a tus amigos.","Vous devez être connecté pour voir vos amis.","Þú verður að skrá þig inn til að sjá vini.","Devi effettuare l’accesso per vedere gli amici.","Du må være logget inn for å se venner.","Musisz być zalogowany, aby zobaczyć znajomych.",您必须登录才能查看好友。
getFriendsLists.php,user_not_found,,"User not found","Användare hittades inte","Bruger ikke fundet","Benutzer nicht gefunden","Usuario no encontrado","Utilisateur non trouvé","Notandi fannst ekki","Utente non trovato","Bruker ikke funnet","Użytkownik nie znaleziony",未找到用户
getFriendsLists.php,no_lists,,"No connected lists found.","Inga anslutna listor hittades.","Ingen tilsluttede lister fundet.","Keine verbundenen Listen gefunden.","No se encontraron listas conectadas.","Aucune liste connectée trouvée.","Engir tengdir listar fundust.","Nessuna lista collegata trovata.","Ingen tilknyttede lister funnet.","Nie znaleziono połączonych list.",未找到关联的列表。
getFriendsLists.php,my_friends,,"My Friends","Mina vänner","Mine venner","Meine Freunde","Mis amigos","Mes amis","Vinir mínir","I miei amici","Mine venner","Moi znajomi",我的好友
getFriendsLists.php,lists_members,,"Lists Chat Members",Listchattmedlemmar,"Medlemmer i listechat",Listen-Chat-Mitglieder,"Miembros del chat de listas","Membres du chat des listes","Meðlimir í listaspjalli","Membri della chat delle liste",Listechat-medlemmer,"Członkowie czatu listy",列表聊天成员
getFriendsLists.php,avatar,,Avatar,Avatar,Avatar,Avatar,Avatar,Avatar,Auðkennismynd,Avatar,Avatar,Awatar,头像
JSDrawingPDF.js,your_annotation,,"Your annotation","Din anteckning","Din annotation","Deine Anmerkung","Tu anotación","Votre annotation","Athugasemd þín","La tua annotazione","Din merknad","Twoja adnotacja",您的注释
JSDrawingPDF.js,annotation_by,,Annotation,Anteckning,Annotation,Anmerkung,Anotación,Annotation,Athugasemd,Annotazione,Merknad,Adnotacja,注释
JSDrawingPDF.js,base_annotation,,Base,Bas,Grundlag,Basis,Base,Base,Grunnur,Base,Base,Baza,基础
JSDrawingPDF.js,select_item_first,,"Please select an item first.","Välj ett objekt först","Vælg venligst et element først.","Bitte wählen Sie zuerst ein Element aus.","Primero selecciona un elemento.","Veuillez d’abord sélectionner un élément.","Vinsamlegast veldu atriði fyrst.","Seleziona prima un elemento.","Vennligst velg et element først.","Wybierz najpierw element.",请先选择一个项目。
JSDrawingPDF.js,timeout,,Timeout,Timeout,Tidsudløb,Zeitüberschreitung,"Se agotó el tiempo","Délai dépassé","Tíminn rann út",Timeout,Tidsavbrudd,"Przekroczono limit czasu",超时
JSDrawingPDF.js,placeholder_search_imslp,,"Search IMSLP…","Sök IMSLP…","Søg IMSLP…","IMSLP durchsuchen…","Buscar en IMSLP…","Rechercher dans IMSLP…","Leita á IMSLP…","Cerca su IMSLP…","Søk i IMSLP…","Szukaj w IMSLP…","搜索 IMSLP…"
JSDrawingPDF.js,search,,Search,"Sök ",Søg,Suchen,Buscar,Rechercher,Leita,Cerca,Søk,Szukaj,搜索
JSDrawingPDF.js,upload_failed_unknown,,"Upload failed with unknown error.","Uppladdningen misslyckades med okänt fel.","Upload mislykkedes med ukendt fejl.","Hochladen fehlgeschlagen mit unbekanntem Fehler.","Error de carga desconocido.","Échec du téléchargement en raison d’une erreur inconnue.","Upphleðsla mistókst vegna óþekktrar villu.","Caricamento non riuscito per errore sconosciuto.","Opplasting mislyktes med ukjent feil.","Przesyłanie nie powiodło się z powodu nieznanego błędu.",上传失败，发生未知错误。
index.php,new,,New,Ny,Ny,Neu,Nuevo,Nouveau,Nýtt,Nuovo,Ny,Nowy,新建
index.php,save,,Save,Spara,Gem,Speichern,Guardar,Enregistrer,Vista,Salva,Lagre,Zapisz,保存
index.php,delete,,Delete,"Ta bort",Slet,Löschen,Eliminar,Supprimer,Eyða,Elimina,Slett,Usuń,删除
index.php,reload_annotations,,"Reload annotations","Ladda om anteckningar","Genindlæs annotationer","Anmerkungen neu laden","Recargar anotaciones","Recharger les annotations","Endurhlaða athugasemdir","Ricarica annotazioni","Last inn annotasjoner på nytt","Przeładuj adnotacje",重新加载批注
index.php,pen_color,,"Pen color",Pennfärg,Penfarve,Stiftfarbe,"Color del lápiz","Couleur du stylo",Pennslitur,"Colore penna",Pennfarge,"Kolor pióra",笔颜色
index.php,eraser,,Eraser,Suddgummi,Viskelæder,Radiergummi,Borrador,Gomme,Strokleður,Gomma,Viskelær,Gumka,橡皮擦
index.php,undo,,"Undo last annotation","Ångra senaste anteckning","Fortryd sidste annotation","Letzte Anmerkung rückgängig machen","Deshacer última anotación","Annuler la dernière annotation","Afturkalla síðustu athugasemd","Annulla ultima annotazione","Angre siste merknad","Cofnij ostatnią adnotację",撤销上一个批注
index.php,save_annotations,,"Save annotations","Spara anteckningar","Gem annotationer","Anmerkungen speichern","Guardar anotaciones","Enregistrer les annotations","Vista athugasemdir","Salva annotazioni","Lagre annotasjoner","Zapisz adnotacje",保存批注
index.php,clear_annotations,,"Clear all annotations","Rensa alla anteckningar","Ryd alle annotationer","Alle Anmerkungen löschen","Borrar todas las anotaciones","Supprimer toutes les annotations","Hreinsa allar athugasemdir","Cancella tutte le annotazioni","Slett alle annotasjoner","Usuń wszystkie adnotacje",清除所有批注
index.php,trim,,Trim,Trimma,Beskær,Zuschnitt,Recortar,Rogner,Sníða,Tagliare,Beskjær,Przytnij,裁剪
index.php,textarea_placeholder,,"Subject: (The title of your list item 😊)\n\nBody: (Write anything you like)\n\n#hashtag → Prevents the trimming of words.\n\nSpecial Tips: 📎\n- Paste a PDF or Soundslice link to activate footer buttons.\n- On desktop, you can drag and drop a PDF into the PDF tab.\n- On mobile, use the item menu → “Add PDF” to upload from your device.\n\n💡 Emoji Shortcut:\n- Windows: Press Windows + . (period)\n- Mac: Press Control + Command + Space","Ämne: (Titeln på ditt listobjekt 😊)\n\nBrödtext: (Skriv vad du vill)\n\n#hashtag → Förhindrar att ord trimmas.\n\nSpecialtips: 📎\n- Klistra in en PDF- eller Soundslice-länk för att aktivera sidfotsknappar.\n- På dator kan du dra och släppa en PDF i PDF-fliken.\n- På mobil, använd objektmenyn → “Lägg till PDF” för att ladda upp från din enhet.\n\n💡 Emoji-genväg:\n- Windows: Tryck Windows + . (punkt)\n- Mac: Tryck Control + Command + Space","Emne: (Titlen på dit listeelement 😊)\n\nBrødtekst: (Skriv hvad du vil)\n\n#hashtag → Forhindrer beskæring af ord.\n\nSpecielle tips: 📎\n- Indsæt et PDF- eller Soundslice-link for at aktivere knapper.\n- På desktop kan du trække og slippe en PDF i PDF-fanen.\n- På mobil skal du bruge elementmenuen → “Tilføj PDF”.\n\n💡 Emoji-genvej:\n- Windows: Tryk Windows + . (punktum)\n- Mac: Tryk Control + Command + Mellemrum","Thema: (Der Titel deines Listenelements 😊)\n\nTextkörper: (Schreibe, was du willst)\n\n#hashtag → Verhindert das Abschneiden von Wörtern.\n\nBesondere Tipps: 📎\n- Füge einen PDF- oder Soundslice-Link ein, um die Fußzeilenknöpfe zu aktivieren.\n- Auf dem Desktop kannst du eine PDF in den PDF-Tab ziehen.\n- Auf Mobilgeräten benutze das Element-Menü → „PDF hinzufügen“.\n\n💡 Emoji-Shortcut:\n- Windows: Windows + . (Punkt)\n- Mac: Steuerung + Befehl + Leertaste","Asunto: (El título de tu elemento de lista 😊)\n\nCuerpo: (Escribe lo que quieras)\n\n#hashtag → Evita el recorte de palabras.\n\nConsejos especiales: 📎\n- Pega un enlace de PDF o Soundslice para activar los botones de pie de página.\n- En escritorio, arrastra y suelta un PDF en la pestaña PDF.\n- En móvil, usa el menú de elementos → “Añadir PDF”.\n\n💡 Atajo de emoji:\n- Windows: Presiona Windows + . (punto)\n- Mac: Presiona Control + Command + Espacio","Sujet : (Le titre de votre élément de liste 😊)\n\nCorps : (Écrivez ce que vous voulez)\n\n#hashtag → Empêche la coupe des mots.\n\nConseils spéciaux : 📎\n- Collez un lien PDF ou Soundslice pour activer les boutons du pied de page.\n- Sur ordinateur, faites glisser_",,,,,
index.php,pen,,Pen,Penna,Pen,Stift,Bolígrafo,Stylo,Penni,Penna,Penn,Długopis,笔
index.php,eraser,,Eraser,Suddgummi,Viskelæder,Radiergummi,Goma,Gomme,Strokleður,Gomma,Viskelær,Gumka,橡皮擦
index.php,highlighter,,Highlighter,Överstrykningspenna,Overstregningstusch,Textmarker,"Rotulador fluorescente",Surligneur,Yfirstrikun,Evidenziatore,Markeringstusj,Zakreślacz,荧光笔
index.php,text,,Text,Text,Tekst,Text,Texto,Texte,Texti,Testo,Tekst,Tekst,文本
sub_migrate_files.php,already_migrated,,"✅ Already migrated","✅ Þegar flutt","✅ Redan migrerad","✅ Allerede migreret","✅ Bereits migriert","✅ Ya migrado","✅ Déjà migré","✅ Già migrato","✅ Allerede migrert","✅ Już przeniesiono","✅ 已迁移"
sub_migrate_files.php,pending,,Pending,"Í bið",Väntande,Afventer,Ausstehend,Pendiente,"En attente","In sospeso",Venter,Oczekujące,待处理
sub_migrate_files.php,cloudflare_only,,"☁️ Cloudflare only","☁️ Aðeins á Cloudflare","☁️ Endast Cloudflare","☁️ Kun Cloudflare","☁️ Nur Cloudflare","☁️ Solo en Cloudflare","☁️ Uniquement sur Cloudflare","☁️ Solo su Cloudflare","☁️ Kun på Cloudflare","☁️ Tylko w Cloudflare","☁️ 仅在 Cloudflare"
sub_migrate_files.php,unexpected,,"❌ Unexpected","❌ Óvænt","❌ Oväntat","❌ Uventet","❌ Unerwartet","❌ Inesperado","❌ Inattendu","❌ Inaspettato","❌ Uventet","❌ Nieoczekiwane","❌ 意外"
sub_migrate_files.php,migrate_files_cloudflare,,"Migrate files to Cloudflare","Flytja skrár á Cloudflare","Migrera filer till Cloudflare","Migrér filer til Cloudflare","Dateien zu Cloudflare migrieren","Migrar archivos a Cloudflare","Migrer des fichiers vers Cloudflare","Migrare file su Cloudflare","Migrer filer til Cloudflare","Migrować pliki do Cloudflare","将文件迁移到 Cloudflare"
sub_migrate_files.php,select_type,,"Select type","Veldu tegund","Välj typ","Vælg type","Typ auswählen","Seleccionar tipo","Sélectionner le type","Seleziona tipo","Velg type","Wybierz typ",选择类型
sub_migrate_files.php,scan,,"Scan files","Skanna skrár","Skanna filer","Scan filer","Dateien scannen","Escanear archivos","Scanner les fichiers","Scansiona file","Skann filer","Skanuj pliki",扫描文件
sub_migrate_files.php,surrogate,,Surrogate,Staðgengill,Surrogat,Surrogat,Stellvertreter,Sustituto,Substitut,Sostituto,Surrogat,Zastępnik,替代
sub_migrate_files.php,filename,,Filename,Skráarheiti,Filnamn,Filnavn,Dateiname,"Nombre de archivo","Nom de fichier","Nome file",Filnavn,"Nazwa pliku",文件名
sub_migrate_files.php,status,,Status,Staða,Status,Status,Status,Estado,Statut,Stato,Status,Status,状态
sub_migrate_files.php,cloudflare_line,,"Fast, reliable storage & playback via Cloudflare R2 integration","Hröð, örugg vistun og spilun með Cloudflare R2","Snabb, pålitlig lagring & uppspelning via Cloudflare R2","Hurtig, pålidelig lagring & afspilning via Cloudflare R2","Schnelle, zuverlässige Speicherung & Wiedergabe mit Cloudflare R2","Almacenamiento y reproducción rápidos y fiables con Cloudflare R2","Stockage et lecture rapides et fiables grâce à Cloudflare R2","Archiviazione e riproduzione veloce e affidabile con Cloudflare R2","Rask, pålitelig lagring og avspilling via Cloudflare R2","Szybkie, niezawodne przechowywanie i odtwarzanie przez Cloudflare R2","通过 Cloudflare R2 提供快速可靠的存储和播放"
includes/functions.php,greeting,,"Hello,","Hej,","Hej,","Hallo,","Hola,","Bonjour,","Halló,","Ciao,","Hei,","Witaj,",你好，
includes/functions.php,signature,,"– TextWhisper Team","– TextWhisper-teamet","– TextWhisper-teamet","– TextWhisper-team","– Equipo de TextWhisper","– Équipe TextWhisper","– TextWhisper teymið","– Team TextWhisper","– TextWhisper-teamet","– Zespół TextWhisper","– TextWhisper 团队"
includes/functions.php,invite_subject,,"You have been invited to a list on TextWhisper","Du har blivit inbjuden till en lista på TextWhisper","Du er blevet inviteret til en liste på TextWhisper","Du wurdest zu einer Liste auf TextWhisper eingeladen","Has sido invitado a una lista en TextWhisper","Vous avez été invité(e) à une liste sur TextWhisper","Þér hefur verið boðið í lista á TextWhisper","Sei stato invitato a una lista su TextWhisper","Du har blitt invitert til en liste på TextWhisper","Zostałeś zaproszony do listy w TextWhisper","您已被邀请加入 TextWhisper 上的一个列表"
includes/functions.php,invite_message,,"%s has invited you to the list %s with role: %s.","%s har bjudit in dig till listan %s med rollen: %s.","%s har inviteret dig til listen %s med rollen: %s.","%s hat dich zur Liste %s mit der Rolle %s eingeladen.","%s te ha invitado a la lista %s con el rol: %s.","%s vous a invité(e) à la liste %s avec le rôle : %s.","%s hefur boðið þér í listann %s með hlutverkið: %s.","%s ti ha invitato alla lista %s con il ruolo: %s.","%s har invitert deg til listen %s med rollen: %s.","%s zaprosił(a) Cię do listy %s z rolą: %s.","%s 邀请您加入列表 %s，角色：%s。"
includes/functions.php,invite_access,,"You can access it here:","Du kan komma åt den här:","Du kan få adgang til den her:","Du kannst hier darauf zugreifen:","Puedes acceder a ella aquí:","Vous pouvez y accéder ici :","Þú getur nálgast hann hér:","Puoi accedervi qui:","Du kan få tilgang her:","Możesz uzyskać do niej dostęp tutaj:",您可以在此访问：
includes/functions.php,invite_experience,,"For the best experience, please log in or register to start collaborating and unlock the full potential of TextWhisper.","För bästa upplevelse, logga in eller registrera dig för att börja samarbeta och utnyttja TextWhisper fullt ut.","For den bedste oplevelse, log ind eller registrer dig for at begynde at samarbejde og få det fulde udbytte af TextWhisper.","Für die beste Nutzungserfahrung melden Sie sich bitte an eller registrieren Sie sich, um zusammenzuarbeiten und das volle Potenzial von TextWhisper zu nutzen.","Para disfrutar de la mejor experiencia, inicia sesión o regístrate para empezar a colaborar y aprovechar todo el potencial de TextWhisper.","Pour une meilleure expérience, veuillez vous connecter ou vous inscrire afin de collaborer et profiter pleinement de tout le potentiel de TextWhisper.","Við mælum með að þú skráir þig inn til að fá sem besta upplifun og nýta TextWhisper til fulls.","Per la migliore esperienza, accedi o registrati per iniziare a collaborare e sfruttare appieno tutto il potenziale di TextWhisper.","For best opplevelse, logg inn eller registrer deg for å begynne å samarbeide og utnytte TextWhisper fullt ut.","Aby uzyskać najlepsze wrażenia, zaloguj się lub zarejestruj, aby rozpocząć współpracę i w pełni wykorzystać możliwości TextWhisper.","为获得最佳体验，请登录或注册以开始协作并充分发挥 TextWhisper 的全部潜力。"
reusable_ui,back_to_pdf,2026-03-05,"Back to PDF","Tillbaka till PDF","Tilbage til PDF","Zurück zu PDF","Volver a PDF","Retour au PDF","Til baka í PDF","Torna al PDF","Tilbake til PDF","Powrót do PDF","返回 PDF"
reusable_ui,open_player,2026-03-05,"Open player","Öppna spelare","Åbn afspiller","Player öffnen","Abrir reproductor","Ouvrir le lecteur","Opna spilara","Apri lettore","Åpne spiller","Otwórz odtwarzacz",打开播放器
reusable_ui,start,2026-03-05,Start,Start,Start,Start,Iniciar,Démarrer,Byrja,Avvia,Start,Start,开始
reusable_ui,stop,2026-03-05,Stop,Stopp,Stop,Stopp,Detener,Arrêter,Stöðva,Ferma,Stopp,Stop,停止
reusable_ui,invite,2026-03-05,Invite,"Bjud in",Inviter,Einladen,Invitar,Inviter,Bjóða,Invita,Inviter,Zaproś,邀请
reusable_ui,list,2026-03-05,List,Lista,Liste,Liste,Lista,Liste,Listi,Lista,Liste,Lista,列表
reusable_ui,token,2026-03-05,Token,Token,Token,Token,Token,Jeton,Tákn,Token,Token,Token,令牌
reusable_ui,browse,2026-03-05,Browse,Bläddra,Gennemse,Durchsuchen,Explorar,Parcourir,Fletta,Sfoglia,"Søk gjennom",Przeglądaj,浏览
reusable_ui,clear,2026-03-05,Clear,Rensa,Ryd,Löschen,Limpiar,Effacer,Hreinsa,Cancella,Tøm,Wyczyść,清除
reusable_ui,remove,2026-03-05,Remove,"Ta bort",Fjern,Entfernen,Quitar,Supprimer,Fjarlægja,Rimuovi,Fjern,Usuń,移除
reusable_ui,skipped,2026-03-05,Skipped,"Hoppad över","Sprunget over",Übersprungen,Omitido,Ignoré,Sleppt,Ytelatt,"Hoppet over",Pominięto,已跳过
reusable_ui,done,2026-03-05,Done,Klar,Færdig,Fertig,Hecho,Terminé,Lokið,Fatto,Ferdig,Gotowe,完成
reusable_ui,failed,2026-03-05,Failed,Misslyckades,Fejlede,Fehlgeschlagen,Falló,Échec,Mistókst,"Non riuscito",Feilet,Niepowodzenie,失败
reusable_ui,tutorials,2026-03-05,Tutorials,Guider,Vejledninger,Anleitungen,Tutoriales,Tutoriels,Leiðbeiningar,Tutorial,Tutorials,Poradniki,教程
reusable_ui,event_planner,2026-03-05,"Event planner",Händelseplanerare,Begivenhedsplanlægger,Ereignisplaner,"Planificador de eventos","Planificateur d'événements",Viðburðaskipulagning,"Pianificatore eventi",Hendelsesplanlegger,"Planer wydarzeń",活动规划
reusable_ui,current_profile,2026-03-05,"Current profile","Aktuell profil","Aktuel profil","Aktuelles Profil","Perfil actual","Profil actuel","Núverandi prófíll","Profilo attuale","Gjeldende profil","Aktualny profil",当前资料
reusable_ui,go_to_profile,2026-03-05,"Go to profile","Gå till profil","Gå til profil","Zum Profil gehen","Ir al perfil","Aller au profil","Fara á prófíl","Vai al profilo","Gå til profil","Przejdź do profilu",前往资料页
reusable_ui,chat,2026-03-05,Chat,Chatt,Chat,Chat,Chat,Chat,Spjall,Chat,Chat,Czat,聊天
reusable_ui,viewer,2026-03-05,Viewer,Läsare,Læser,Leser,Visualizador,Lecteur,Lesari,Visualizzatore,Leser,Podgląd,查看者
reusable_ui,commenter,2026-03-05,Commenter,Kommentator,Kommentator,Kommentator,Comentarista,Commentateur,Umsagnaraðili,Commentatore,Kommentator,Komentujący,评论者
reusable_ui,editor,2026-03-05,Editor,Redigerare,Redaktør,Editor,Editor,Éditeur,Ritstjóri,Editor,Redaktør,Edytor,编辑者
reusable_ui,back,2026-03-05,Back,Tillbaka,Tilbage,Zurück,Volver,Retour,"Til baka",Indietro,Tilbake,Wstecz,返回
reusable_ui,name,2026-03-05,Name,Namn,Navn,Name,Nombre,Nom,Nafn,Nome,Navn,Nazwa,名称
reusable_ui,add,2026-03-05,Add,"Lägg till",Tilføj,Hinzufügen,Añadir,Ajouter,"Bæta við",Aggiungi,"Legg til",Dodaj,添加
reusable_ui,pause,2026-03-05,Pause,Pausa,Pause,Pausieren,Pausar,Pause,"Gera hlé","Metti in pausa",Pause,Wstrzymaj,暂停
reusable_ui,leave,2026-03-05,Leave,Lämna,Forlad,Verlassen,Salir,Quitter,Fara,Esci,Forlat,Opuść,离开
reusable_ui,enter_valid_email,2026-03-05,"Please enter a valid email address","Ange en giltig e-postadress","Indtast en gyldig e-mailadresse","Bitte gib eine gültige E-Mail-Adresse ein","Introduce una dirección de correo válida","Veuillez saisir une adresse e-mail valide","Vinsamlegast sláðu inn gilt netfang","Inserisci un indirizzo email valido","Vennligst skriv inn en gyldig e-postadresse","Wprowadź prawidłowy adres e-mail",请输入有效的电子邮件地址
reusable_ui,invite_sent,2026-03-05,"Invite sent","Inbjudan skickad","Invitation sendt","Einladung gesendet","Invitación enviada","Invitation envoyée","Boð sent","Invito inviato","Invitasjon sendt","Zaproszenie wysłane",邀请已发送
reusable_ui,request_failed,2026-03-05,"Request failed","Begäran misslyckades","Anmodning mislykkedes","Anfrage fehlgeschlagen","La solicitud falló","La demande a échoué","Beiðni mistókst","Richiesta non riuscita","Forespørsel mislyktes","Żądanie nie powiodło się",请求失败
reusable_ui,error_loading_data,2026-03-05,"Error loading data","Fel vid inläsning av data","Fejl ved indlæsning af data","Fehler beim Laden der Daten","Error al cargar los datos","Erreur lors du chargement des données","Villa við að hlaða gögnum","Errore nel caricamento dei dati","Feil ved lasting av data","Błąd podczas ładowania danych",加载数据时出错
reusable_ui,delete_message,2026-03-05,"Delete message","Ta bort meddelande","Slet besked","Nachricht löschen","Eliminar mensaje","Supprimer le message","Eyða skilaboðum","Elimina messaggio","Slett melding","Usuń wiadomość",删除消息
reusable_ui,resume,2026-03-05,Resume,Återuppta,Fortsæt,Fortsetzen,Reanudar,Reprendre,"Halda áfram",Riprendi,Gjenoppta,Wznów,继续
reusable_ui,member,2026-03-05,Member,Medlem,Medlem,Mitglied,Miembro,Membre,Meðlimur,Membro,Medlem,Członek,成员
reusable_ui,you,2026-03-05,You,Du,Du,Du,Tú,Vous,Þú,Tu,Du,Ty,你
reusable_ui,no_members,2026-03-05,"No members","Inga medlemmar","Ingen medlemmer","Keine Mitglieder","Sin miembros","Aucun membre","Engir meðlimir","Nessun membro","Ingen medlemmer","Brak członków",没有成员
reusable_ui,add_people,2026-03-05,"Add people","Lägg till personer","Tilføj personer","Personen hinzufügen","Añadir personas","Ajouter des personnes","Bæta við fólki","Aggiungi persone","Legg til personer","Dodaj osoby",添加成员
reusable_ui,no_matching_friends,2026-03-05,"No matching friends","Inga matchande vänner","Ingen matchende venner","Keine passenden Freunde","No hay amigos coincidentes","Aucun ami correspondant","Engir samsvarandi vinir","Nessun amico corrispondente","Ingen samsvarende venner","Brak pasujących znajomych",没有匹配的好友
reusable_ui,delete_chat,2026-03-05,"Delete chat","Ta bort chatt","Slet chat","Chat löschen","Eliminar chat","Supprimer la discussion","Eyða spjalli","Elimina chat","Slett chat","Usuń czat",删除聊天
reusable_ui,service_unavailable,2026-03-05,"Service unavailable","Tjänsten är inte tillgänglig","Tjenesten er utilgængelig","Dienst nicht verfügbar","Servicio no disponible","Service indisponible","Þjónusta ekki tiltæk","Servizio non disponibile","Tjenesten er utilgjengelig","Usługa niedostępna",服务不可用
reusable_ui,unexpected_response,2026-03-05,"Unexpected response","Oväntat svar","Uventet svar","Unerwartete Antwort","Respuesta inesperada","Réponse inattendue","Óvænt svar","Risposta imprevista","Uventet svar","Nieoczekiwana odpowiedź",意外响应
reusable_ui,delete_failed,2026-03-05,"Delete failed","Kunde inte ta bort","Sletning mislykkedes","Löschen fehlgeschlagen","Error al eliminar","Échec de la suppression","Eyðing mistókst","Eliminazione non riuscita","Sletting mislyktes","Usuwanie nie powiodło się",删除失败
reusable_ui,deleted_for_all,2026-03-05,"Deleted for all","Borttagen för alla","Slettet for alle","Für alle gelöscht","Eliminado para todos","Supprimé pour tous","Eytt fyrir alla","Eliminato per tutti","Slettet for alle","Usunięto dla wszystkich",已为所有人删除
reusable_ui,deleted_for_you,2026-03-05,"Deleted for you","Borttagen för dig","Slettet for dig","Für dich gelöscht","Eliminado para ti","Supprimé pour vous","Eytt fyrir þig","Eliminato per te","Slettet for deg","Usunięto dla Ciebie",已为你删除
reusable_ui,resume_chat,2026-03-05,"Resume chat","Återuppta chatt","Fortsæt chat","Chat fortsetzen","Reanudar chat","Reprendre la discussion","Halda áfram spjalli","Riprendi chat","Gjenoppta chat","Wznów czat",继续聊天
reusable_ui,pause_chat,2026-03-05,"Pause chat","Pausa chatt","Sæt chat på pause","Chat pausieren","Pausar chat","Mettre la discussion en pause","Gera hlé á spjalli","Metti in pausa chat","Sett chat på pause","Wstrzymaj czat",暂停聊天
reusable_ui,piano,2026-03-05,Piano,Piano,Klaver,Klavier,Piano,Piano,Píanó,Pianoforte,Piano,Fortepian,钢琴
reusable_ui,noise_suppression,2026-03-05,"Noise suppression",Brusreducering,Støjreduktion,Rauschunterdrückung,"Supresión de ruido","Réduction du bruit",Hljóðdeyfing,"Soppressione del rumore",Støydemping,"Redukcja szumów",降噪
reusable_ui,echo_cancellation,2026-03-05,"Echo cancellation",Ekoeliminering,Ekkoreduktion,Echounterdrückung,"Cancelación de eco","Suppression de l'écho",Bergmálsdeyfing,"Cancellazione eco",Ekkokansellering,"Redukcja echa",回声消除
reusable_ui,auto_gain,2026-03-05,"Auto gain control","Automatisk nivåkontroll","Automatisk gain-kontrol","Automatische Pegelregelung","Control automático de ganancia","Contrôle automatique du gain","Sjálfvirk hljóðstyring","Controllo automatico del guadagno","Automatisk nivåkontroll","Automatyczna regulacja wzmocnienia",自动增益控制
reusable_ui,enter_name,2026-03-05,"Enter name","Ange namn","Indtast navn","Namen eingeben","Introducir nombre","Saisir un nom","Sláðu inn nafn","Inserisci nome","Skriv inn navn","Wpisz nazwę",输入名称
reusable_ui,upload,2026-03-05,Upload,"Ladda upp",Upload,Hochladen,Subir,Téléverser,"Hlaða upp",Carica,"Last opp",Prześlij,上传
reusable_ui,discard,2026-03-05,Discard,Kassera,Kassér,Verwerfen,Descartar,Ignorer,Henda,Scarta,Forkast,Odrzuć,丢弃
reusable_ui,saving,2026-03-05,Saving,Sparar,Gemmer,Speichert,Guardando,Enregistrement,Vistar,Salvataggio,Lagrer,Zapisywanie,保存中
reusable_ui,saved,2026-03-05,Saved,Sparad,Gemt,Gespeichert,Guardado,Enregistré,Vistað,Salvato,Lagret,Zapisano,已保存
reusable_ui,update_failed,2026-03-05,"Update failed","Uppdatering misslyckades","Opdatering mislykkedes","Aktualisierung fehlgeschlagen","Error al actualizar","Échec de la mise à jour","Uppfærsla mistókst","Aggiornamento non riuscito","Oppdatering mislyktes","Aktualizacja nie powiodła się",更新失败
reusable_ui,choose_image_first,2026-03-05,"Choose an image first","Välj en bild först","Vælg først et billede","Wähle zuerst ein Bild","Elige primero una imagen","Choisissez d'abord une image","Veldu fyrst mynd","Scegli prima un'immagine","Velg først et bilde","Najpierw wybierz obraz",请先选择图片
reusable_ui,processing,2026-03-05,Processing,Bearbetar,Behandler,"Wird verarbeitet",Procesando,"Traitement en cours","Vinnur úr",Elaborazione,Behandler,Przetwarzanie,处理中
reusable_ui,uploading,2026-03-05,Uploading,"Laddar upp",Uploader,"Lädt hoch",Subiendo,"Téléversement en cours","Hleður upp",Caricamento,"Laster opp",Przesyłanie,上传中
reusable_ui,uploaded,2026-03-05,Uploaded,Uppladdad,Uploadet,Hochgeladen,Subido,Téléversé,"Hlaðið upp",Caricato,"Lastet opp",Przesłano,已上传
reusable_ui,preferences_hint,2026-03-05,"Local settings","Lokala inställningar","Lokale indstillinger","Lokale Einstellungen","Ajustes locales","Paramètres locaux","Staðbundnar stillingar","Impostazioni locali","Lokale innstillinger","Ustawienia lokalne",本地设置
reusable_ui,auto_saves,2026-03-05,Auto-saves,Autosparas,"Gemmes automatisk","Wird automatisch gespeichert","Guardado automático","Sauvegarde automatique","Vistast sjálfkrafa","Salvataggio automatico","Lagrer automatisk","Zapis automatyczny",自动保存
reusable_ui,find,2026-03-05,Find,Hitta,Find,Suchen,Buscar,Trouver,Finna,Trova,Finn,Znajdź,查找
reusable_ui,replace_with,2026-03-05,"Replace with","Ersätt med","Erstat med","Ersetzen durch","Reemplazar con","Remplacer par","Skipta út fyrir","Sostituisci con","Erstatt med","Zamień na",替换为
reusable_ui,find_next,2026-03-05,"Find next","Hitta nästa","Find næste","Nächste suchen","Buscar siguiente","Trouver le suivant","Finna næsta","Trova successivo","Finn neste","Znajdź następny",查找下一个
reusable_ui,replace,2026-03-05,Replace,Ersätt,Erstat,Ersetzen,Reemplazar,Remplacer,"Skipta út",Sostituisci,Erstatt,Zamień,替换
reusable_ui,replace_all,2026-03-05,"Replace all","Ersätt alla","Erstat alle","Alle ersetzen","Reemplazar todo","Tout remplacer","Skipta öllu út","Sostituisci tutto","Erstatt alle","Zamień wszystko",全部替换
reusable_ui,create,2026-03-05,Create,Skapa,Opret,Erstellen,Crear,Créer,"Búa til",Crea,Opprett,Utwórz,创建
reusable_ui,select_role,2026-03-05,"Select role","Välj roll","Vælg rolle","Rolle wählen","Seleccionar rol","Sélectionner un rôle","Veldu hlutverk","Seleziona ruolo","Velg rolle","Wybierz rolę",选择角色
reusable_ui,sidebar,2026-03-05,Sidebar,Sidofält,Sidepanel,Seitenleiste,"Barra lateral","Barre latérale",Hliðarspjald,"Barra laterale",Sidefelt,"Panel boczny",侧边栏
reusable_ui,music,2026-03-05,Music,Musik,Musik,Musik,Música,Musique,Tónlist,Musica,Musikk,Muzyka,音乐
reusable_ui,file_manager,2026-03-05,"File manager",Filhanterare,Filhåndtering,Dateimanager,"Gestor de archivos","Gestionnaire de fichiers",Skráastjóri,"Gestore file",Filbehandler,"Menedżer plików",文件管理器
reusable_ui,fullscreen,2026-03-05,Fullscreen,Helskärm,"Fuld skærm",Vollbild,"Pantalla completa","Plein écran",Skjáfylling,"Schermo intero",Fullskjerm,"Pełny ekran",全屏
reusable_ui,play_mode_owner,2026-03-05,"Play mode owner","Ägarens spelläge","Ejers afspilningstilstand","Wiedergabemodus des Besitzers","Modo de reproducción del propietario","Mode lecture du propriétaire","Spilunarhamur eiganda","Modalità di riproduzione del proprietario","Eierens avspillingsmodus","Tryb odtwarzania właściciela",所有者播放模式
reusable_ui,email_or_username,2026-03-05,"Email or Username","E-post eller användarnamn","E-mail eller brugernavn","E-Mail oder Benutzername","Correo o nombre de usuario","E-mail ou nom d'utilisateur","Netfang eða notandanafn","Email o nome utente","E-post eller brukernavn","E-mail lub nazwa użytkownika",电子邮件或用户名
reusable_ui,password,2026-03-05,Password,Lösenord,Adgangskode,Passwort,Contraseña,"Mot de passe",Lykilorð,Password,Passord,Hasło,密码
reusable_ui,stay_logged_in,2026-03-05,"Stay logged in","Håll mig inloggad","Forbliv logget ind","Angemeldet bleiben","Mantener la sesión iniciada","Rester connecté","Halda mér innskráðum","Resta connesso","Hold meg innlogget","Pozostań zalogowany",保持登录
reusable_ui,logout_other_devices,2026-03-05,"Logout from all other devices","Logga ut från alla andra enheter","Log ud fra alle andre enheder","Von allen anderen Geräten abmelden","Cerrar sesión en todos los demás dispositivos","Se déconnecter de tous les autres appareils","Skrá út á öllum öðrum tækjum","Disconnetti da tutti gli altri dispositivi","Logg ut fra alle andre enheter","Wyloguj się ze wszystkich innych urządzeń",从所有其他设备退出登录
reusable_ui,forgot_password,2026-03-05,"Forgot password","Glömt lösenord","Glemt adgangskode","Passwort vergessen","Olvidaste tu contraseña","Mot de passe oublié","Gleymt lykilorð","Password dimenticata","Glemt passord","Nie pamiętasz hasła",忘记密码
reusable_ui,active_sessions,2026-03-05,"Active sessions","Aktiva sessioner","Aktive sessioner","Aktive Sitzungen","Sesiones activas","Sessions actives","Virkar lotur","Sessioni attive","Aktive økter","Aktywne sesje",活动会话
reusable_ui,temporary,2026-03-05,Temporary,Tillfällig,Midlertidig,Temporär,Temporal,Temporaire,Tímabundið,Temporaneo,Midlertidig,Tymczasowy,临时
reusable_ui,remembered,2026-03-05,Remembered,Sparad,Gemt,Gemerkt,Recordado,Mémorisé,Munað,Memorizzato,Husket,Zapamiętane,已记住
reusable_ui,this_browser,2026-03-05,"This browser","Den här webbläsaren","Denne browser","Dieser Browser","Este navegador","Ce navigateur","Þessi vafri","Questo browser","Denne nettleseren","Ta przeglądarka",此浏览器
reusable_ui,expires,2026-03-05,Expires,Upphör,Udløber,"Läuft ab",Caduca,Expire,"Rennur út",Scade,Utløper,Wygasa,到期
reusable_ui,logout_selected,2026-03-05,"Logout selected","Logga ut markerade","Log ud valgte","Ausgewählte abmelden","Cerrar sesión seleccionados","Déconnecter la sélection","Skrá út valin","Disconnetti selezionati","Logg ut valgte","Wyloguj zaznaczone",退出所选
reusable_ui,logout_all_devices,2026-03-05,"Logout all devices","Logga ut alla enheter","Log ud fra alle enheder","Alle Geräte abmelden","Cerrar sesión en todos los dispositivos","Déconnecter tous les appareils","Skrá út á öllum tækjum","Disconnetti tutti i dispositivi","Logg ut alle enheter","Wyloguj wszystkie urządzenia",退出所有设备
reusable_ui,create_account,2026-03-05,"Create your account","Skapa ditt konto","Opret din konto","Erstelle dein Konto","Crea tu cuenta","Créez votre compte","Stofnaðu reikninginn þinn","Crea il tuo account","Opprett kontoen din","Utwórz konto",创建你的账户
reusable_ui,display_name,2026-03-05,"Display name",Visningsnamn,Visningsnavn,Anzeigename,"Nombre para mostrar","Nom affiché",Birtingarnafn,"Nome visualizzato",Visningsnavn,"Nazwa wyświetlana",显示名称
reusable_ui,email_address,2026-03-05,"Email address",E-postadress,E-mailadresse,E-Mail-Adresse,"Dirección de correo","Adresse e-mail",Netfang,"Indirizzo email",E-postadresse,"Adres e-mail",电子邮件地址
reusable_ui,register,2026-03-05,Register,"Registrera dig","Registrer dig",Registrieren,Registrarse,S'inscrire,"Skrá sig",Registrati,"Registrer deg","Zarejestruj się",注册
reusable_ui,reset_your_password,2026-03-05,"Reset your password","Återställ ditt lösenord","Nulstil din adgangskode","Setze dein Passwort zurück","Restablece tu contraseña","Réinitialisez votre mot de passe","Endurstilltu lykilorðið þitt","Reimposta la tua password","Tilbakestill passordet ditt","Zresetuj swoje hasło",重置你的密码
reusable_ui,enter_your_email,2026-03-05,"Enter your email","Ange din e-post","Indtast din e-mail","Gib deine E-Mail ein","Introduce tu correo","Saisissez votre e-mail","Sláðu inn netfangið þitt","Inserisci la tua email","Skriv inn e-posten din","Wpisz swój e-mail",输入你的电子邮件
reusable_ui,send_reset_link,2026-03-05,"Send reset link","Skicka återställningslänk","Send nulstillingslink","Link zum Zurücksetzen senden","Enviar enlace de restablecimiento","Envoyer le lien de réinitialisation","Senda endurstillingartengil","Invia link di reimpostazione","Send lenke for tilbakestilling","Wyślij link resetujący",发送重置链接
reusable_ui,sending_request,2026-03-05,"Sending request","Skickar begäran","Sender anmodning","Anfrage wird gesendet","Enviando solicitud","Envoi de la demande","Sendi beiðni","Invio richiesta","Sender forespørsel","Wysyłanie żądania",发送请求中
reusable_ui,invalid_email_address,2026-03-05,"Invalid email address","Ogiltig e-postadress","Ugyldig e-mailadresse","Ungültige E-Mail-Adresse","Dirección de correo no válida","Adresse e-mail invalide","Ógilt netfang","Indirizzo email non valido","Ugyldig e-postadresse","Nieprawidłowy adres e-mail",无效的电子邮件地址
reusable_ui,database_error_try_later,2026-03-05,"Database error. Please try again later.","Databasfel. Försök igen senare.","Databasefejl. Prøv igen senere.","Datenbankfehler. Bitte versuche es später erneut.","Error de base de datos. Inténtalo más tarde.","Erreur de base de données. Veuillez réessayer plus tard.","Gagnagrunnsvilla. Reyndu aftur síðar.","Errore del database. Riprova più tardi.","Databasefeil. Prøv igjen senere.","Błąd bazy danych. Spróbuj ponownie później.",数据库错误。请稍后再试。
reusable_ui,reset_password,2026-03-05,"Reset password","Återställ lösenord","Nulstil adgangskode","Passwort zurücksetzen","Restablecer contraseña","Réinitialiser le mot de passe","Endurstilla lykilorð","Reimposta password","Tilbakestill passord","Zresetuj hasło",重置密码
reusable_ui,new_password,2026-03-05,"New password","Nytt lösenord","Ny adgangskode","Neues Passwort","Nueva contraseña","Nouveau mot de passe","Nýtt lykilorð","Nuova password","Nytt passord","Nowe hasło",新密码
reusable_ui,share_group,2026-03-05,"Share group","Dela grupp","Del gruppe","Gruppe teilen","Compartir grupo","Partager le groupe","Deila hópi","Condividi gruppo","Del gruppe","Udostępnij grupę",分享群组
reusable_ui,import_files,2026-03-05,"Import: this device","Importera: den här enheten","Importer: denne enhed","Import: dieses Gerät","Importar: este dispositivo","Importer : cet appareil","Flytja inn: þetta tæki","Importa: questo dispositivo","Importer: denne enheten","Importuj: to urządzenie",导入：此设备
reusable_ui,import_textwhisper,2026-03-05,"Import: Text Whisper","Importera: Text Whisper","Importer: Text Whisper","Import: Text Whisper","Importar: Text Whisper","Importer : Text Whisper","Flytja inn: Text Whisper","Importa: Text Whisper","Importer: Text Whisper","Importuj: Text Whisper",导入：Text Whisper
reusable_ui,import_dropbox_files,2026-03-05,"Import: Dropbox","Importera: Dropbox","Importer: Dropbox","Import: Dropbox","Importar: Dropbox","Importer : Dropbox","Flytja inn: Dropbox","Importa: Dropbox","Importer: Dropbox","Importuj: Dropbox",导入：Dropbox
reusable_ui,import_google_drive,2026-03-05,"Import: Google Drive","Importera: Google Drive","Importer: Google Drive","Import: Google Drive","Importar: Google Drive","Importer : Google Drive","Flytja inn: Google Drive","Importa: Google Drive","Importer: Google Drive","Importuj: Google Drive",导入：Google Drive
reusable_ui,import_onedrive,2026-03-05,"Import: OneDrive","Importera: OneDrive","Importer: OneDrive","Import: OneDrive","Importar: OneDrive","Importer : OneDrive","Flytja inn: OneDrive","Importa: OneDrive","Importer: OneDrive","Importuj: OneDrive",导入：OneDrive
reusable_ui,import_icloud,2026-03-05,"Import: iCloud","Importera: iCloud","Importer: iCloud","Import: iCloud","Importar: iCloud","Importer : iCloud","Flytja inn: iCloud","Importa: iCloud","Importer: iCloud","Importuj: iCloud",导入：iCloud
reusable_ui,open_sidebar,2026-03-05,"Open sidebar","Öppna sidofält","Åbn sidepanel","Seitenleiste öffnen","Abrir barra lateral","Ouvrir la barre latérale","Opna hliðarspjald","Apri barra laterale","Åpne sidefelt","Otwórz panel boczny",打开侧边栏
reusable_ui,import,2026-03-05,Import,Importera,Importer,Importieren,Importar,Importer,"Flytja inn",Importa,Importer,Importuj,导入
reusable_ui,import_from_device,2026-03-05,"This device","Den här enheten","Denne enhed","Dieses Gerät","Este dispositivo","Cet appareil","Þetta tæki","Questo dispositivo","Denne enheten","To urządzenie",此设备
reusable_ui,reload_page,2026-03-13,"Reload page","Ladda om sidan","Genindlæs siden","Seite neu laden","Recargar la página","Recharger la page","Endurhlaða síðu","Ricarica la pagina","Last inn siden på nytt","Przeładuj stronę",重新加载页面
reusable_ui,fit_page,2026-03-13,"Fit page","Anpassa sida","Tilpas side","Seite anpassen","Ajustar página","Ajuster la page","Laga að síðu","Adatta pagina","Tilpass side","Dopasuj stronę",适合页面
reusable_ui,width,2026-03-13,Width,Bredd,Bredde,Breite,Ancho,Largeur,Breidd,Larghezza,Bredde,Szerokość,宽度
reusable_ui,height,2026-03-13,Height,Höjd,Højde,Höhe,Alto,Hauteur,Hæð,Altezza,Høyde,Wysokość,高度
reusable_ui,auto,2026-03-13,Auto,Auto,Auto,Auto,Auto,Auto,Sjálfvirkt,Auto,Auto,Auto,自动
reusable_ui,open_piano,2026-03-13,"Open piano","Öppna piano","Åbn klaver","Klavier öffnen","Abrir piano","Ouvrir le piano","Opna píanó","Apri pianoforte","Åpne piano","Otwórz pianino",打开钢琴
reusable_ui,close_fullscreen,2026-03-13,"Close fullscreen","Stäng helskärm","Luk fuldskærm","Vollbild schließen","Cerrar pantalla completa","Fermer le plein écran","Loka heilskjá","Chiudi schermo intero","Lukk fullskjerm","Zamknij pełny ekran",关闭全屏
reusable_ui,swipe_to_turn_page,2026-03-13,"Swipe to turn page","Svep för att byta sida","Stryg for at skifte side","Wischen, um die Seite zu wechseln","Desliza para pasar de página","Glissez pour tourner la page","Strjúktu til að fletta síðu","Scorri per cambiare pagina","Sveip for å bla om side","Przesuń, aby zmienić stronę",滑动翻页
reusable_ui,end,2026-03-13,End,Slut,Slut,Ende,Fin,Fin,Lok,Fine,Slutt,Koniec,结束
reusable_ui,next,2026-03-13,Next,Nästa,Næste,Weiter,Siguiente,Suivant,Næsta,Avanti,Neste,Dalej,下一个
reusable_ui,corner_paging,2026-03-13,"Corner paging","Hörnbläddring","Hjørnebladning","Eckenblättern","Paginación desde la esquina","Changement de page par coin","Hornflakk","Cambio pagina dall'angolo","Hjørneblading","Zmiana strony z rogu",角落翻页
reusable_ui,tap_next,2026-03-13,"Tap: next","Tryck: nästa","Tryk: næste","Tippen: weiter","Toca: siguiente","Appuyez : suivant","Pikka: næsta","Tocca: avanti","Trykk: neste","Dotknij: dalej",轻点：下一页
reusable_ui,swipe_away_from_corner_next,2026-03-13,"Swipe away from corner: next","Svep bort från hörnet: nästa","Stryg væk fra hjørnet: næste","Vom Eck weg wischen: weiter","Desliza alejándote de la esquina: siguiente","Glissez loin du coin : suivant","Strjúktu frá horninu: næsta","Scorri lontano dall'angolo: avanti","Sveip bort fra hjørnet: neste","Przesuń od rogu: dalej",从角落向外滑动：下一页
reusable_ui,swipe_into_corner_previous,2026-03-13,"Swipe into corner: previous","Svep in i hörnet: föregående","Stryg ind i hjørnet: forrige","In die Ecke wischen: zurück","Desliza hacia la esquina: anterior","Glissez vers le coin : précédent","Strjúktu inn í hornið: fyrri","Scorri verso l'angolo: precedente","Sveip inn i hjørnet: forrige","Przesuń w róg: poprzednia",滑向角落：上一页
reusable_ui,paged_view,2026-03-13,"Paged View","Sidvy","Sidevisning","Seitenansicht","Vista por páginas","Vue page par page","Síðuskipt sýn","Vista a pagine","Sidevisning","Widok stronicowany",分页视图
reusable_ui,continuous_view,2026-03-13,"Continuous View","Kontinuerlig vy","Kontinuerlig visning","Fortlaufende Ansicht","Vista continua","Vue continue","Samfelld sýn","Vista continua","Kontinuerlig visning","Widok ciągły",连续视图
reusable_ui,buttons_inactive,2026-03-13,"Buttons inactive","Knappar inaktiva","Knapper inaktive","Schaltflächen inaktiv","Botones inactivos","Boutons inactifs","Hnappar óvirkir","Pulsanti inattivi","Knapper inaktive","Przyciski nieaktywne",按钮不激活
reusable_ui,left_handed,2026-03-13,"Left handed","Vänsterhänt","Venstrehåndet","Linkshändig","Zurdo","Gaucher","Örvhentur","Mancino","Venstrehendt","Leworęczny",左手模式
reusable_ui,left_and_right,2026-03-13,"Left & Right","Vänster och höger","Venstre og højre","Links und rechts","Izquierda y derecha","Gauche et droite","Vinstri og hægri","Sinistra e destra","Venstre og høyre","Lewa i prawa",左右两侧
reusable_ui,pause_play_sync,2026-03-13,"Pause play sync","Pausa uppspelningssynk","Sæt afspilningssynk på pause","Wiedergabe-Sync pausieren","Pausar sincronización de reproducción","Mettre en pause la synchro de lecture","Setja spilunarsamstillingu á pásu","Metti in pausa la sincronizzazione di riproduzione","Sett avspillingssynk på pause","Wstrzymaj synchronizację odtwarzania",暂停播放同步
reusable_ui,resume_play_sync,2026-03-13,"Resume play sync","Återuppta uppspelningssynk","Genoptag afspilningssynk","Wiedergabe-Sync fortsetzen","Reanudar sincronización de reproducción","Reprendre la synchro de lecture","Halda áfram spilunarsamstillingu","Riprendi la sincronizzazione di riproduzione","Gjenoppta avspillingssynk","Wznów synchronizację odtwarzania",恢复播放同步
reusable_ui,play_sync_paused,2026-03-13,"Play sync paused","Uppspelningssynk pausad","Afspilningssynk sat på pause","Wiedergabe-Sync pausiert","Sincronización de reproducción en pausa","Synchro de lecture en pause","Spilunarsamstilling í pásu","Sincronizzazione di riproduzione in pausa","Avspillingssynk satt på pause","Synchronizacja odtwarzania wstrzymana",播放同步已暂停
reusable_ui,play_sync_active,2026-03-13,"Play sync active","Uppspelningssynk aktiv","Afspilningssynk aktiv","Wiedergabe-Sync aktiv","Sincronización de reproducción activa","Synchro de lecture active","Spilunarsamstilling virk","Sincronizzazione di riproduzione attiva","Avspillingssynk aktiv","Synchronizacja odtwarzania aktywna",播放同步进行中
reusable_ui,play_sync_resumed,2026-03-13,"Play sync resumed","Uppspelningssynk återupptagen","Afspilningssynk genoptaget","Wiedergabe-Sync fortgesetzt","Sincronización de reproducción reanudada","Synchro de lecture reprise","Spilunarsamstilling hafin aftur","Sincronizzazione di riproduzione ripresa","Avspillingssynk gjenopptatt","Synchronizacja odtwarzania wznowiona",播放同步已恢复
reusable_ui,saving_cleared_annotations,2026-03-13,"Saving cleared annotations...","Sparar rensade anteckningar...","Gemmer rydede annotationer...","Gelöschte Anmerkungen werden gespeichert...","Guardando anotaciones borradas...","Enregistrement des annotations effacées...","Vista hreinsaðar athugasemdir...","Salvataggio delle annotazioni cancellate...","Lagrer slettede annotasjoner...","Zapisywanie usuniętych adnotacji...",正在保存已清除的批注...
reusable_ui,ipad_install_help_kicker,2026-03-13,"Install on iPad","Installera på iPad","Installer på iPad","Auf dem iPad installieren","Instalar en iPad","Installer sur iPad","Setja upp á iPad","Installa su iPad","Installer på iPad","Zainstaluj na iPadzie",在 iPad 上安装
reusable_ui,ipad_install_help_intro,2026-03-13,"Safari on iPad does not show a normal install prompt. Use these steps:","Safari på iPad visar inte en vanlig installationsruta. Gör så här:","Safari på iPad viser ikke en normal installationsprompt. Brug disse trin:","Safari auf dem iPad zeigt keinen normalen Installationsdialog. Nutze diese Schritte:","Safari en iPad no muestra un aviso normal de instalación. Usa estos pasos:","Safari sur iPad n’affiche pas de demande d’installation normale. Suivez ces étapes :","Safari á iPad sýnir ekki venjulega uppsetningarbeiðni. Notaðu þessi skref:","Safari su iPad non mostra un normale prompt di installazione. Usa questi passaggi:","Safari på iPad viser ikke vanlig installasjonsdialog. Bruk disse trinnene:","Safari na iPadzie nie pokazuje zwykłego monitu instalacji. Użyj tych kroków:",iPad 上的 Safari 不会显示普通安装提示。请按以下步骤操作：
reusable_ui,ipad_install_step_share,2026-03-13,"Tap the Share button in Safari.","Tryck på Dela-knappen i Safari.","Tryk på Del-knappen i Safari.","Tippe in Safari auf die Teilen-Taste.","Toca el botón Compartir en Safari.","Touchez le bouton Partager dans Safari.","Pikkaðu á Deila-hnappinn í Safari.","Tocca il pulsante Condividi in Safari.","Trykk på Del-knappen i Safari.","Dotknij przycisku Udostępnij w Safari.",在 Safari 中轻点“共享”按钮。
reusable_ui,ipad_install_step_add,2026-03-13,"Scroll down, choose 'Add to Home Screen', then tap Add.","Scrolla ned, välj 'Lägg till på hemskärmen' och tryck sedan på Lägg till.","Rul ned, vælg 'Føj til hjemmeskærm', og tryk derefter på Tilføj.","Scrolle nach unten, wähle 'Zum Home-Bildschirm' und tippe dann auf Hinzufügen.","Desplázate hacia abajo, elige 'Añadir a pantalla de inicio' y luego toca Añadir.","Faites défiler vers le bas, choisissez 'Sur l’écran d’accueil', puis touchez Ajouter.","Skrunaðu niður, veldu 'Bæta á heimaskjá' og pikkaðu síðan á Bæta við.","Scorri verso il basso, scegli 'Aggiungi a Home' e poi tocca Aggiungi.","Rull ned, velg 'Legg til på Hjem-skjerm', og trykk deretter på Legg til.","Przewiń w dół, wybierz 'Dodaj do ekranu początkowego', a potem stuknij Dodaj.",向下滚动，选择“添加到主屏幕”，然后轻点“添加”。
reusable_ui,add_to_home_screen,2026-03-13,"Add to Home Screen","Lägg till på hemskärmen","Føj til hjemmeskærm","Zum Home-Bildschirm","Añadir a pantalla de inicio","Ajouter à l’écran d’accueil","Bæta á heimaskjá","Aggiungi a Home","Legg til på Hjem-skjerm","Dodaj do ekranu początkowego",添加到主屏幕
reusable_ui,practice,2026-03-14,"Practice","Övning","Øvning","Üben","Práctica","Répétition","Æfing","Pratica","Øving","Ćwiczenie",练习
reusable_ui,rehearsal_markers,2026-03-14,"Markers","Markörer","Markører","Markierungen","Marcadores","Marqueurs","Staðmerki","Marcatori","Markører","Znaczniki",标记
reusable_ui,selected_marker_layer,2026-03-14,"Selected marker layer","Valt markörlager","Valgt markørlag","Ausgewählte Markierungsebene","Capa de marcadores seleccionada","Calque de marqueurs sélectionné","Valið staðmerkjalag","Livello marker selezionato","Valgt markørlag","Wybrana warstwa znaczników",已选标记层
reusable_ui,marker_panel_copy,2026-03-14,"Store markers for repeats and quick return points in scores.","Spara markörer för repetitioner och snabba återgångspunkter i noter.","Gem markører til gentagelser og hurtige returpunkter i noder.","Speichere Marken für Wiederholungen und schnelle Rückkehrpunkte in Noten.","Guarda marcadores para repeticiones y puntos de retorno rápido en partituras.","Enregistrez des marqueurs pour les reprises et les points de retour rapide dans les partitions.","Vistið staðmerki fyrir endurtekningar og sem flýtileiðir að staðsetningum.","Salva marcatori per ripetizioni e punti di ritorno rapido negli spartiti.","Lagre markører for repetisjoner og raske returpunkter i noter.","Zapisz znaczniki powtórek i szybkich powrotów w nutach.",在乐谱中保存重复和快速返回位置的标记。
reusable_ui,annotate,2026-03-14,"Annotations","Annoteringar","Annotationer","Anmerkungen","Anotaciones","Annotations","Athugasemdir","Annotazioni","Annotasjoner","Adnotacje",批注
reusable_ui,markers,2026-03-14,"Markers","Markörer","Markører","Markierungen","Marcadores","Marqueurs","Staðmerki","Marcatori","Markører","Znaczniki",标记
reusable_ui,mark,2026-03-14,"Mark:","Markera:","Markér:","Markieren:","Marcar:","Marquer :","Merkja:","Segna:","Marker:","Oznacz:",标记：
reusable_ui,create_on,2026-03-14,"Create on:","Skapa på:","Opret på:","Erstellen auf:","Crear en:","Créer sur :","Búa til á:","Crea su:","Opprett på:","Utwórz na:",创建于：
reusable_ui,marker_layer,2026-03-14,"Marker layer","Markörlager","Markørlag","Markierungsebene","Capa de marcadores","Calque de marqueurs","Staðmerkjalag","Livello marker","Markørlag","Warstwa znaczników",标记层
reusable_ui,private_markers,2026-03-14,"Private markers","Privata markörer","Private markører","Private Marken","Marcadores privados","Marqueurs privés","Einkamerki","Marcatori privati","Private markører","Prywatne znaczniki",私有标记
reusable_ui,shared_markers,2026-03-14,"Shared markers","Delade markörer","Delte markører","Geteilte Marken","Marcadores compartidos","Marqueurs partagés","Stjórnandamerki","Marcatori condivisi","Delte markører","Współdzielone znaczniki",共享标记
reusable_ui,private_marker,2026-03-14,"Private marker","Privat markör","Privat markør","Private Marke","Marcador privado","Marqueur privé","Einkamerki","Marcatore privato","Privat markør","Prywatny znacznik",私有标记
reusable_ui,shared_marker,2026-03-14,"Shared marker","Delad markör","Delt markør","Geteilte Marke","Marcador compartido","Marqueur partagé","Stjórnandamerki","Marcatore condiviso","Delt markør","Współdzielony znacznik",共享标记
reusable_ui,selected_markers_scope,2026-03-14,"Selected markers","Valdir markörer","Valgte markører","Ausgewählte Markierungen","Marcadores seleccionados","Marqueurs sélectionnés","Valin staðmerki","Marcatori selezionati","Valgte markører","Wybrane znaczniki",已选标记
reusable_ui,my_layer,2026-03-14,"My layer","Mitt lager","Mit lag","Meine Ebene","Mi capa","Mon calque","Mitt lag","Il mio livello","Mitt lag","Moja warstwa",我的图层
reusable_ui,owner_base_layer,2026-03-14,"Owner base layer","Ägarens grundlager","Ejerens basislag","Basis-Ebene des Eigentümers","Capa base del propietario","Calque de base du propriétaire","Grunnlag eiganda","Livello base del proprietario","Eierens basislag","Warstwa bazowa właściciela",所有者基础层
reusable_ui,my_markers,2026-03-14,"My markers","Mina markörer","Mine markører","Meine Marken","Mis marcadores","Mes marqueurs","Mín staðmerki","I miei marcatori","Mine markører","Moje znaczniki",我的标记
reusable_ui,owner_markers,2026-03-14,"Owner markers","Ägarens markörer","Ejerens markører","Eigentümer-Marken","Marcadores del propietario","Marqueurs du propriétaire","Staðmerki eiganda","Marcatori del proprietario","Eierens markører","Znaczniki właściciela",所有者标记
reusable_ui,my_marker,2026-03-14,"My marker","Min markör","Min markør","Meine Marke","Mi marcador","Mon marqueur","Mitt staðmerki","Il mio marcatore","Min markør","Mój znacznik",我的标记
reusable_ui,owner_marker,2026-03-14,"Owner marker","Ägarmarkör","Ejer-markør","Eigentümer-Marke","Marcador del propietario","Marqueur du propriétaire","Staðmerki eiganda","Marcatore del proprietario","Eiermarkør","Znacznik właściciela",所有者标记
reusable_ui,place_marker_on_current_layer,2026-03-14,"Place marker on current layer","Placera markör på aktuellt lager","Placér markør på aktuelt lag","Marke auf aktueller Ebene setzen","Colocar marcador en la capa actual","Placer un marqueur sur le calque actuel","Setja staðmerki á núverandi lag","Posiziona marcatore sul livello corrente","Plasser markør på gjeldende lag","Umieść znacznik na bieżącej warstwie",在当前图层放置标记
reusable_ui,place_marker,2026-03-14,"Place marker","Placera markör","Placér markør","Marke setzen","Colocar marcador","Placer un marqueur","Setja staðmerki","Posiziona marcatore","Plasser markør","Umieść znacznik",放置标记
reusable_ui,place_owner_marker,2026-03-14,"Place owner marker","Placera ägarmarkör","Placér ejer-markør","Eigentümer-Marke setzen","Colocar marcador del propietario","Placer un marqueur propriétaire","Setja staðmerki eiganda","Posiziona marcatore del proprietario","Plasser eiermarkør","Umieść znacznik właściciela",放置所有者标记
reusable_ui,place_my_marker,2026-03-14,"Place my marker","Placera min markör","Placér min markør","Meine Marke setzen","Colocar mi marcador","Placer mon marqueur","Setja mitt staðmerki","Posiziona il mio marcatore","Plasser min markør","Umieść mój znacznik",放置我的标记
reusable_ui,page,2026-03-14,"Page","Sida","Side","Seite","Página","Page","Síða","Pagina","Side","Strona",页
reusable_ui,upper,2026-03-14,"upper","övre","øverst","oben","superior","haut","efri","alto","øvre","góra",上部
reusable_ui,middle,2026-03-14,"middle","mitten","midt","Mitte","medio","milieu","miðja","centro","midten","środek",中部
reusable_ui,lower,2026-03-14,"lower","nedre","nederst","unten","inferior","bas","neðri","basso","nedre","dół",下部
reusable_ui,no_personal_markers_yet,2026-03-14,"No personal markers yet.","Inga personliga markörer ännu.","Ingen personlige markører endnu.","Noch keine persönlichen Marken.","Todavía no hay marcadores personales.","Aucun marqueur personnel pour le moment.","Engin persónuleg staðmerki enn.","Ancora nessun marcatore personale.","Ingen personlige markører ennå.","Brak prywatnych znaczników.",还没有个人标记。
reusable_ui,no_owner_markers_yet,2026-03-14,"No owner markers yet.","Inga ägarmarkörer ännu.","Ingen ejer-markører endnu.","Noch keine Eigentümer-Marken.","Todavía no hay marcadores del propietario.","Aucun marqueur propriétaire pour le moment.","Engin staðmerki eiganda enn.","Ancora nessun marcatore del proprietario.","Ingen eiermarkører ennå.","Brak znaczników właściciela.",还没有所有者标记。
reusable_ui,owner_markers_unavailable_here,2026-03-14,"Owner markers unavailable here.","Ägarmarkörer är inte tillgängliga här.","Ejer-markører er ikke tilgængelige her.","Eigentümer-Marken sind hier nicht verfügbar.","Los marcadores del propietario no están disponibles aquí.","Les marqueurs du propriétaire ne sont pas disponibles ici.","Staðmerki eiganda eru ekki tiltæk hér.","I marcatori del proprietario non sono disponibili qui.","Eiermarkører er ikke tilgjengelige her.","Znaczniki właściciela nie są tu dostępne.",此处无法使用所有者标记。
reusable_ui,no_shared_markers_yet,2026-03-14,"No shared markers yet.","Inga delade markörer ännu.","Ingen delte markører endnu.","Noch keine geteilten Marken.","Todavía no hay marcadores compartidos.","Aucun marqueur partagé pour le moment.","Engin sameiginleg staðmerki enn.","Ancora nessun marcatore condiviso.","Ingen delte markører ennå.","Brak współdzielonych znaczników.",还没有共享标记。
reusable_ui,shared_markers_unavailable_here,2026-03-14,"Shared markers unavailable here.","Delade markörer är inte tillgängliga här.","Delte markører er ikke tilgængelige her.","Geteilte Marken sind hier nicht verfügbar.","Los marcadores compartidos no están disponibles aquí.","Les marqueurs partagés ne sont pas disponibles ici.","Sameiginleg staðmerki eru ekki tiltæk hér.","I marcatori condivisi non sono disponibili qui.","Delte markører er ikke tilgjengelige her.","Współdzielone znaczniki nie są tu dostępne.",此处无法使用共享标记。
reusable_ui,add_another,2026-03-14,"Add another","Lägg till en till","Tilføj en mere","Weitere hinzufügen","Añadir otro","Ajouter un autre","Bæta við öðru","Aggiungi un altro","Legg til en til","Dodaj kolejny",再添加一个
reusable_ui,reposition,2026-03-14,"Reposition","Flytta om","Flyt igen","Neu positionieren","Reubicar","Repositionner","Færa til","Riposiziona","Flytt på nytt","Przesuń ponownie",重新定位
reusable_ui,marker,2026-03-14,"Marker","Markör","Markør","Marke","Marcador","Marqueur","Staðmerki","Marcatore","Markør","Znacznik",标记
reusable_ui,tap_new_marker_position,2026-03-14,"Tap the new marker position.","Tryck på markörens nya position.","Tryk på markørens nye position.","Tippe auf die neue Position der Marke.","Toca la nueva posición del marcador.","Touchez la nouvelle position du marqueur.","Pikkaðu á nýja staðsetningu staðmerkisins.","Tocca la nuova posizione del marcatore.","Trykk på markørens nye plassering.","Stuknij nowe położenie znacznika.",轻点标记的新位置。
reusable_ui,marker_repositioned,2026-03-14,"Marker repositioned.","Markören flyttades.","Markøren blev flyttet.","Marke neu positioniert.","Marcador reubicado.","Marqueur repositionné.","Staðmerki fært til.","Marcatore riposizionato.","Markøren ble flyttet.","Znacznik został przesunięty.",标记已重新定位。
reusable_ui,tap_score_place_owner_marker,2026-03-14,"Tap the score to place an owner marker.","Tryck på notbilden för att placera en ägarmarkör.","Tryk på noden for at placere en ejer-markør.","Tippe auf die Partitur, um eine Eigentümer-Marke zu setzen.","Toca la partitura para colocar un marcador del propietario.","Touchez la partition pour placer un marqueur propriétaire.","Pikkaðu á nóturnar til að setja staðmerki eiganda.","Tocca lo spartito per posizionare un marcatore del proprietario.","Trykk på notebildet for å plassere en eiermarkør.","Stuknij nuty, aby umieścić znacznik właściciela.",轻点乐谱以放置所有者标记。
reusable_ui,tap_score_place_your_marker,2026-03-14,"Tap the score to place your marker.","Tryck på notbilden för att placera din markör.","Tryk på noden for at placere din markør.","Tippe auf die Partitur, um deine Marke zu setzen.","Toca la partitura para colocar tu marcador.","Touchez la partition pour placer votre marqueur.","Pikkaðu á nóturnar til að setja þitt staðmerki.","Tocca lo spartito per posizionare il tuo marcatore.","Trykk på notebildet for å plassere markøren din.","Stuknij nuty, aby umieścić swój znacznik.",轻点乐谱以放置你的标记。
reusable_ui,owner_marker_added,2026-03-14,"Owner marker added.","Ägarmarkör tillagd.","Ejer-markør tilføjet.","Eigentümer-Marke hinzugefügt.","Marcador del propietario añadido.","Marqueur propriétaire ajouté.","Staðmerki eiganda bætt við.","Marcatore del proprietario aggiunto.","Eiermarkør lagt til.","Dodano znacznik właściciela.",已添加所有者标记。
reusable_ui,marker_added,2026-03-14,"Marker added.","Markör tillagd.","Markør tilføjet.","Marke hinzugefügt.","Marcador añadido.","Marqueur ajouté.","Staðmerki bætt við.","Marcatore aggiunto.","Markør lagt til.","Dodano znacznik.",已添加标记。
